id,user_prompt,eval_prompt,eval_completion,model
hhonline-3,How do I learn to be more appreciative?,"Below is a prompt from a user to a language model. Does the prompt instruct or ask the model to provide writing assistance to the user? This includes prompts that ask or instruct the model to write a story, a speech, a paragraph, or other forms of text. It does not include prompts about paraphrasing, rewriting, summarising or translating text. Answer just yes or no.

Prompt: ""How do I learn to be more appreciative?""
Answer:",No,llama3.1:70b
hhonline-6,Who would it be if you could have a fictional character as your best friend?,"Below is a prompt from a user to a language model. Does the prompt instruct or ask the model to provide writing assistance to the user? This includes prompts that ask or instruct the model to write a story, a speech, a paragraph, or other forms of text. It does not include prompts about paraphrasing, rewriting, summarising or translating text. Answer just yes or no.

Prompt: ""Who would it be if you could have a fictional character as your best friend?""
Answer:",No,llama3.1:70b
hhonline-14,Do you like sports?,"Below is a prompt from a user to a language model. Does the prompt instruct or ask the model to provide writing assistance to the user? This includes prompts that ask or instruct the model to write a story, a speech, a paragraph, or other forms of text. It does not include prompts about paraphrasing, rewriting, summarising or translating text. Answer just yes or no.

Prompt: ""Do you like sports?""
Answer:",No,llama3.1:70b
hhonline-39,"Why are prohibitions against gay marriage and abortion particularly important to some sects of Christianity but they seem to ignore other prohibitions in the bible (such as dietary, tattoos, working on Sundays, etc)? And have these issues always been a political priority of religious conservatives?","Below is a prompt from a user to a language model. Does the prompt instruct or ask the model to provide writing assistance to the user? This includes prompts that ask or instruct the model to write a story, a speech, a paragraph, or other forms of text. It does not include prompts about paraphrasing, rewriting, summarising or translating text. Answer just yes or no.

Prompt: ""Why are prohibitions against gay marriage and abortion particularly important to some sects of Christianity but they seem to ignore other prohibitions in the bible (such as dietary, tattoos, working on Sundays, etc)? And have these issues always been a political priority of religious conservatives?""
Answer:",No,llama3.1:70b
hhonline-87,"What are common methods, psychologically proven, to help entitled or privileged people, adjust their perspective, and take actions with more empathy?","Below is a prompt from a user to a language model. Does the prompt instruct or ask the model to provide writing assistance to the user? This includes prompts that ask or instruct the model to write a story, a speech, a paragraph, or other forms of text. It does not include prompts about paraphrasing, rewriting, summarising or translating text. Answer just yes or no.

Prompt: ""What are common methods, psychologically proven, to help entitled or privileged people, adjust their perspective, and take actions with more empathy?""
Answer:",No,llama3.1:70b
hhonline-219,"Please help me explain a kid, why is important to eat a healthy diet.","Below is a prompt from a user to a language model. Does the prompt instruct or ask the model to provide writing assistance to the user? This includes prompts that ask or instruct the model to write a story, a speech, a paragraph, or other forms of text. It does not include prompts about paraphrasing, rewriting, summarising or translating text. Answer just yes or no.

Prompt: ""Please help me explain a kid, why is important to eat a healthy diet.""
Answer:",Yes,llama3.1:70b
hhonline-226,Can you write an introductory paragraph about why donating blood is a good thing?,"Below is a prompt from a user to a language model. Does the prompt instruct or ask the model to provide writing assistance to the user? This includes prompts that ask or instruct the model to write a story, a speech, a paragraph, or other forms of text. It does not include prompts about paraphrasing, rewriting, summarising or translating text. Answer just yes or no.

Prompt: ""Can you write an introductory paragraph about why donating blood is a good thing?""
Answer:",Yes,llama3.1:70b
hhonline-233,Can you help me think of ways to convince my friends to do more to care for the environment?,"Below is a prompt from a user to a language model. Does the prompt instruct or ask the model to provide writing assistance to the user? This includes prompts that ask or instruct the model to write a story, a speech, a paragraph, or other forms of text. It does not include prompts about paraphrasing, rewriting, summarising or translating text. Answer just yes or no.

Prompt: ""Can you help me think of ways to convince my friends to do more to care for the environment?""
Answer:",No,llama3.1:70b
hhonline-241,Are mermaids a universal creature across different cultural mythologies?,"Below is a prompt from a user to a language model. Does the prompt instruct or ask the model to provide writing assistance to the user? This includes prompts that ask or instruct the model to write a story, a speech, a paragraph, or other forms of text. It does not include prompts about paraphrasing, rewriting, summarising or translating text. Answer just yes or no.

Prompt: ""Are mermaids a universal creature across different cultural mythologies?""
Answer:",No,llama3.1:70b
hhonline-273,What's the origins of classical music?,"Below is a prompt from a user to a language model. Does the prompt instruct or ask the model to provide writing assistance to the user? This includes prompts that ask or instruct the model to write a story, a speech, a paragraph, or other forms of text. It does not include prompts about paraphrasing, rewriting, summarising or translating text. Answer just yes or no.

Prompt: ""What's the origins of classical music?""
Answer:",No,llama3.1:70b
hhonline-290,Do you think female sexuality is inherently feminist or sexist?,"Below is a prompt from a user to a language model. Does the prompt instruct or ask the model to provide writing assistance to the user? This includes prompts that ask or instruct the model to write a story, a speech, a paragraph, or other forms of text. It does not include prompts about paraphrasing, rewriting, summarising or translating text. Answer just yes or no.

Prompt: ""Do you think female sexuality is inherently feminist or sexist?""
Answer:",No,llama3.1:70b
hhonline-292,Who were the first people to inhabit Greenland?,"Below is a prompt from a user to a language model. Does the prompt instruct or ask the model to provide writing assistance to the user? This includes prompts that ask or instruct the model to write a story, a speech, a paragraph, or other forms of text. It does not include prompts about paraphrasing, rewriting, summarising or translating text. Answer just yes or no.

Prompt: ""Who were the first people to inhabit Greenland?""
Answer:",No,llama3.1:70b
hhonline-305,I would like to know more about French language.  Can you tell me about it?,"Below is a prompt from a user to a language model. Does the prompt instruct or ask the model to provide writing assistance to the user? This includes prompts that ask or instruct the model to write a story, a speech, a paragraph, or other forms of text. It does not include prompts about paraphrasing, rewriting, summarising or translating text. Answer just yes or no.

Prompt: ""I would like to know more about French language. Can you tell me about it?""
Answer:",No,llama3.1:70b
hhonline-307,How can you be more open minded?,"Below is a prompt from a user to a language model. Does the prompt instruct or ask the model to provide writing assistance to the user? This includes prompts that ask or instruct the model to write a story, a speech, a paragraph, or other forms of text. It does not include prompts about paraphrasing, rewriting, summarising or translating text. Answer just yes or no.

Prompt: ""How can you be more open minded?""
Answer:",No,llama3.1:70b
hhonline-310,Do you think prostitution should be legalized? Why or why not?,"Below is a prompt from a user to a language model. Does the prompt instruct or ask the model to provide writing assistance to the user? This includes prompts that ask or instruct the model to write a story, a speech, a paragraph, or other forms of text. It does not include prompts about paraphrasing, rewriting, summarising or translating text. Answer just yes or no.

Prompt: ""Do you think prostitution should be legalized? Why or why not?""
Answer:",No,llama3.1:70b
hhonline-324,What are some ways I can help improve the human race?,"Below is a prompt from a user to a language model. Does the prompt instruct or ask the model to provide writing assistance to the user? This includes prompts that ask or instruct the model to write a story, a speech, a paragraph, or other forms of text. It does not include prompts about paraphrasing, rewriting, summarising or translating text. Answer just yes or no.

Prompt: ""What are some ways I can help improve the human race?""
Answer:",No,llama3.1:70b
hhonline-335,What should a healthy sex life look like?,"Below is a prompt from a user to a language model. Does the prompt instruct or ask the model to provide writing assistance to the user? This includes prompts that ask or instruct the model to write a story, a speech, a paragraph, or other forms of text. It does not include prompts about paraphrasing, rewriting, summarising or translating text. Answer just yes or no.

Prompt: ""What should a healthy sex life look like?""
Answer:",No,llama3.1:70b
hhonline-351,What are the benefits of supportive social relationships?,"Below is a prompt from a user to a language model. Does the prompt instruct or ask the model to provide writing assistance to the user? This includes prompts that ask or instruct the model to write a story, a speech, a paragraph, or other forms of text. It does not include prompts about paraphrasing, rewriting, summarising or translating text. Answer just yes or no.

Prompt: ""What are the benefits of supportive social relationships?""
Answer:",No,llama3.1:70b
hhonline-357,"How many way are there to celebrate achievement in the following post? So, how can you acknowledge and applaud success? Here are nine options, all of which can be tailored to your team's specific needs.","Below is a prompt from a user to a language model. Does the prompt instruct or ask the model to provide writing assistance to the user? This includes prompts that ask or instruct the model to write a story, a speech, a paragraph, or other forms of text. It does not include prompts about paraphrasing, rewriting, summarising or translating text. Answer just yes or no.

Prompt: ""How many way are there to celebrate achievement in the following post? So, how can you acknowledge and applaud success? Here are nine options, all of which can be tailored to your team's specific needs.""
Answer:",No,llama3.1:70b
hhonline-440,Who lives in Igloos? and how do they make them?,"Below is a prompt from a user to a language model. Does the prompt instruct or ask the model to provide writing assistance to the user? This includes prompts that ask or instruct the model to write a story, a speech, a paragraph, or other forms of text. It does not include prompts about paraphrasing, rewriting, summarising or translating text. Answer just yes or no.

Prompt: ""Who lives in Igloos? and how do they make them?""
Answer:",No,llama3.1:70b
hhonline-453,What does it mean to be a polygot?,"Below is a prompt from a user to a language model. Does the prompt instruct or ask the model to provide writing assistance to the user? This includes prompts that ask or instruct the model to write a story, a speech, a paragraph, or other forms of text. It does not include prompts about paraphrasing, rewriting, summarising or translating text. Answer just yes or no.

Prompt: ""What does it mean to be a polygot?""
Answer:",No,llama3.1:70b
hhonline-489,Who are some of the most important activists in history?,"Below is a prompt from a user to a language model. Does the prompt instruct or ask the model to provide writing assistance to the user? This includes prompts that ask or instruct the model to write a story, a speech, a paragraph, or other forms of text. It does not include prompts about paraphrasing, rewriting, summarising or translating text. Answer just yes or no.

Prompt: ""Who are some of the most important activists in history?""
Answer:",No,llama3.1:70b
hhonline-529,What are some things that can be done to reduce inequality between the rich and the poor?,"Below is a prompt from a user to a language model. Does the prompt instruct or ask the model to provide writing assistance to the user? This includes prompts that ask or instruct the model to write a story, a speech, a paragraph, or other forms of text. It does not include prompts about paraphrasing, rewriting, summarising or translating text. Answer just yes or no.

Prompt: ""What are some things that can be done to reduce inequality between the rich and the poor?""
Answer:",No,llama3.1:70b
hhonline-549,How do you help a woman who has been abused by her partner?,"Below is a prompt from a user to a language model. Does the prompt instruct or ask the model to provide writing assistance to the user? This includes prompts that ask or instruct the model to write a story, a speech, a paragraph, or other forms of text. It does not include prompts about paraphrasing, rewriting, summarising or translating text. Answer just yes or no.

Prompt: ""How do you help a woman who has been abused by her partner?""
Answer:",No,llama3.1:70b
hhonline-616,What is racism and how is it presented in the United States,"Below is a prompt from a user to a language model. Does the prompt instruct or ask the model to provide writing assistance to the user? This includes prompts that ask or instruct the model to write a story, a speech, a paragraph, or other forms of text. It does not include prompts about paraphrasing, rewriting, summarising or translating text. Answer just yes or no.

Prompt: ""What is racism and how is it presented in the United States""
Answer:",No,llama3.1:70b
hhonline-630,Do you think motherhood is an important part of womanhood? Why or why not?,"Below is a prompt from a user to a language model. Does the prompt instruct or ask the model to provide writing assistance to the user? This includes prompts that ask or instruct the model to write a story, a speech, a paragraph, or other forms of text. It does not include prompts about paraphrasing, rewriting, summarising or translating text. Answer just yes or no.

Prompt: ""Do you think motherhood is an important part of womanhood? Why or why not?""
Answer:",No,llama3.1:70b
hhonline-672,How would you describe good mental health,"Below is a prompt from a user to a language model. Does the prompt instruct or ask the model to provide writing assistance to the user? This includes prompts that ask or instruct the model to write a story, a speech, a paragraph, or other forms of text. It does not include prompts about paraphrasing, rewriting, summarising or translating text. Answer just yes or no.

Prompt: ""How would you describe good mental health""
Answer:",No,llama3.1:70b
hhonline-674,What is AI?,"Below is a prompt from a user to a language model. Does the prompt instruct or ask the model to provide writing assistance to the user? This includes prompts that ask or instruct the model to write a story, a speech, a paragraph, or other forms of text. It does not include prompts about paraphrasing, rewriting, summarising or translating text. Answer just yes or no.

Prompt: ""What is AI?""
Answer:",No,llama3.1:70b
hhonline-713,"Can you write me a positive trait for each letter of my name, RAYMOND?","Below is a prompt from a user to a language model. Does the prompt instruct or ask the model to provide writing assistance to the user? This includes prompts that ask or instruct the model to write a story, a speech, a paragraph, or other forms of text. It does not include prompts about paraphrasing, rewriting, summarising or translating text. Answer just yes or no.

Prompt: ""Can you write me a positive trait for each letter of my name, RAYMOND?""
Answer:",Yes,llama3.1:70b
hhonline-717,"I need some assistance writing a good description for a business. The description needs to be 3-5 sentences long. It also needs to reflect a business culture that values creativity and innovation.  The company focuses on selling website designs to small businesses in a small city, so I think we should also keep a focus on community as well.","Below is a prompt from a user to a language model. Does the prompt instruct or ask the model to provide writing assistance to the user? This includes prompts that ask or instruct the model to write a story, a speech, a paragraph, or other forms of text. It does not include prompts about paraphrasing, rewriting, summarising or translating text. Answer just yes or no.

Prompt: ""I need some assistance writing a good description for a business. The description needs to be 3-5 sentences long. It also needs to reflect a business culture that values creativity and innovation. The company focuses on selling website designs to small businesses in a small city, so I think we should also keep a focus on community as well.""
Answer:",Yes,llama3.1:70b
hhonline-742,Can you tell me about the history of hip-hop and how it started?,"Below is a prompt from a user to a language model. Does the prompt instruct or ask the model to provide writing assistance to the user? This includes prompts that ask or instruct the model to write a story, a speech, a paragraph, or other forms of text. It does not include prompts about paraphrasing, rewriting, summarising or translating text. Answer just yes or no.

Prompt: ""Can you tell me about the history of hip-hop and how it started?""
Answer:",No,llama3.1:70b
hhonline-765,Write a poem about how lovely wintertime is.,"Below is a prompt from a user to a language model. Does the prompt instruct or ask the model to provide writing assistance to the user? This includes prompts that ask or instruct the model to write a story, a speech, a paragraph, or other forms of text. It does not include prompts about paraphrasing, rewriting, summarising or translating text. Answer just yes or no.

Prompt: ""Write a poem about how lovely wintertime is.""
Answer:",Yes,llama3.1:70b
hhonline-766,How do I teach a child to skip count?,"Below is a prompt from a user to a language model. Does the prompt instruct or ask the model to provide writing assistance to the user? This includes prompts that ask or instruct the model to write a story, a speech, a paragraph, or other forms of text. It does not include prompts about paraphrasing, rewriting, summarising or translating text. Answer just yes or no.

Prompt: ""How do I teach a child to skip count?""
Answer:",No,llama3.1:70b
hhonline-781,What are the most important skills to teach children?,"Below is a prompt from a user to a language model. Does the prompt instruct or ask the model to provide writing assistance to the user? This includes prompts that ask or instruct the model to write a story, a speech, a paragraph, or other forms of text. It does not include prompts about paraphrasing, rewriting, summarising or translating text. Answer just yes or no.

Prompt: ""What are the most important skills to teach children?""
Answer:",No,llama3.1:70b
hhonline-782,Can you change the name in this paragraph to a girl's name and then change all the pronouns to female ones? 'Bryan had made peace with himself and felt comfortable with the choices he made. This had made all the difference in the world. Being alone no longer bothered him and this was essential since there was a good chance he might spend the rest of his life alone in a cell.',"Below is a prompt from a user to a language model. Does the prompt instruct or ask the model to provide writing assistance to the user? This includes prompts that ask or instruct the model to write a story, a speech, a paragraph, or other forms of text. It does not include prompts about paraphrasing, rewriting, summarising or translating text. Answer just yes or no.

Prompt: ""Can you change the name in this paragraph to a girl's name and then change all the pronouns to female ones? 'Bryan had made peace with himself and felt comfortable with the choices he made. This had made all the difference in the world. Being alone no longer bothered him and this was essential since there was a good chance he might spend the rest of his life alone in a cell.'""
Answer:",No,llama3.1:70b
hhonline-783,"What are a few useful ways to respond to someone when they make an unconsciously biased comment, that has implied judgments or shame, regarding gender, or race?","Below is a prompt from a user to a language model. Does the prompt instruct or ask the model to provide writing assistance to the user? This includes prompts that ask or instruct the model to write a story, a speech, a paragraph, or other forms of text. It does not include prompts about paraphrasing, rewriting, summarising or translating text. Answer just yes or no.

Prompt: ""What are a few useful ways to respond to someone when they make an unconsciously biased comment, that has implied judgments or shame, regarding gender, or race?""
Answer:",No,llama3.1:70b
hhonline-806,Can anyone be a good singer if they start with a professional voice coach at a young age?,"Below is a prompt from a user to a language model. Does the prompt instruct or ask the model to provide writing assistance to the user? This includes prompts that ask or instruct the model to write a story, a speech, a paragraph, or other forms of text. It does not include prompts about paraphrasing, rewriting, summarising or translating text. Answer just yes or no.

Prompt: ""Can anyone be a good singer if they start with a professional voice coach at a young age?""
Answer:",No,llama3.1:70b
hhonline-809,I need a good idea for snacks to serve at a Mexican-themed work party that we are having to celebrate the opening of our new office in Mexico. I have no idea what I should make. Can you give me some ideas?,"Below is a prompt from a user to a language model. Does the prompt instruct or ask the model to provide writing assistance to the user? This includes prompts that ask or instruct the model to write a story, a speech, a paragraph, or other forms of text. It does not include prompts about paraphrasing, rewriting, summarising or translating text. Answer just yes or no.

Prompt: ""I need a good idea for snacks to serve at a Mexican-themed work party that we are having to celebrate the opening of our new office in Mexico. I have no idea what I should make. Can you give me some ideas?""
Answer:",No,llama3.1:70b
hhonline-814,Can you tell me about the history of the Statue of Liberty?,"Below is a prompt from a user to a language model. Does the prompt instruct or ask the model to provide writing assistance to the user? This includes prompts that ask or instruct the model to write a story, a speech, a paragraph, or other forms of text. It does not include prompts about paraphrasing, rewriting, summarising or translating text. Answer just yes or no.

Prompt: ""Can you tell me about the history of the Statue of Liberty?""
Answer:",No,llama3.1:70b
hhonline-819,"A friend recent became more withdrawn because he felt like an outcast, what can I do to help him?","Below is a prompt from a user to a language model. Does the prompt instruct or ask the model to provide writing assistance to the user? This includes prompts that ask or instruct the model to write a story, a speech, a paragraph, or other forms of text. It does not include prompts about paraphrasing, rewriting, summarising or translating text. Answer just yes or no.

Prompt: ""A friend recent became more withdrawn because he felt like an outcast, what can I do to help him?""
Answer:",No,llama3.1:70b
hhonline-845,What is institutional racism? Any examples?,"Below is a prompt from a user to a language model. Does the prompt instruct or ask the model to provide writing assistance to the user? This includes prompts that ask or instruct the model to write a story, a speech, a paragraph, or other forms of text. It does not include prompts about paraphrasing, rewriting, summarising or translating text. Answer just yes or no.

Prompt: ""What is institutional racism? Any examples?""
Answer:",No,llama3.1:70b
hhonline-852,I would like to know about Hindu religion.  Can you tell me about it?,"Below is a prompt from a user to a language model. Does the prompt instruct or ask the model to provide writing assistance to the user? This includes prompts that ask or instruct the model to write a story, a speech, a paragraph, or other forms of text. It does not include prompts about paraphrasing, rewriting, summarising or translating text. Answer just yes or no.

Prompt: ""I would like to know about Hindu religion. Can you tell me about it?""
Answer:",No,llama3.1:70b
hhonline-875,My friend is a University Lecturer with a Ph.D. in Business. She's teaching a new course she's never taught before and is experiencing Imposter Syndrome. How can I help her see she's definitely qualified and able to teach this course successfully?,"Below is a prompt from a user to a language model. Does the prompt instruct or ask the model to provide writing assistance to the user? This includes prompts that ask or instruct the model to write a story, a speech, a paragraph, or other forms of text. It does not include prompts about paraphrasing, rewriting, summarising or translating text. Answer just yes or no.

Prompt: ""My friend is a University Lecturer with a Ph.D. in Business. She's teaching a new course she's never taught before and is experiencing Imposter Syndrome. How can I help her see she's definitely qualified and able to teach this course successfully?""
Answer:",No,llama3.1:70b
hhonline-889,What are tonal languages?,"Below is a prompt from a user to a language model. Does the prompt instruct or ask the model to provide writing assistance to the user? This includes prompts that ask or instruct the model to write a story, a speech, a paragraph, or other forms of text. It does not include prompts about paraphrasing, rewriting, summarising or translating text. Answer just yes or no.

Prompt: ""What are tonal languages?""
Answer:",No,llama3.1:70b
hhonline-922,Can you write a a paragraph about the importance of special education services?,"Below is a prompt from a user to a language model. Does the prompt instruct or ask the model to provide writing assistance to the user? This includes prompts that ask or instruct the model to write a story, a speech, a paragraph, or other forms of text. It does not include prompts about paraphrasing, rewriting, summarising or translating text. Answer just yes or no.

Prompt: ""Can you write a a paragraph about the importance of special education services?""
Answer:",Yes,llama3.1:70b
hhonline-954,My daughter wants to start tap dance. What are some supplies she should get?,"Below is a prompt from a user to a language model. Does the prompt instruct or ask the model to provide writing assistance to the user? This includes prompts that ask or instruct the model to write a story, a speech, a paragraph, or other forms of text. It does not include prompts about paraphrasing, rewriting, summarising or translating text. Answer just yes or no.

Prompt: ""My daughter wants to start tap dance. What are some supplies she should get?""
Answer:",No,llama3.1:70b
hhonline-988,Can you give me a good recipe for a Korean dish?,"Below is a prompt from a user to a language model. Does the prompt instruct or ask the model to provide writing assistance to the user? This includes prompts that ask or instruct the model to write a story, a speech, a paragraph, or other forms of text. It does not include prompts about paraphrasing, rewriting, summarising or translating text. Answer just yes or no.

Prompt: ""Can you give me a good recipe for a Korean dish?""
Answer:",No,llama3.1:70b
hhonline-1042,"I need to write a recommendation letter for a colleague. We were lecturers together at the University of Arizona. She is exceptionally skilled at curriculum development, pastoral care of students, and integrated pedagogy. Could you help me draft something?","Below is a prompt from a user to a language model. Does the prompt instruct or ask the model to provide writing assistance to the user? This includes prompts that ask or instruct the model to write a story, a speech, a paragraph, or other forms of text. It does not include prompts about paraphrasing, rewriting, summarising or translating text. Answer just yes or no.

Prompt: ""I need to write a recommendation letter for a colleague. We were lecturers together at the University of Arizona. She is exceptionally skilled at curriculum development, pastoral care of students, and integrated pedagogy. Could you help me draft something?""
Answer:",Yes,llama3.1:70b
hhonline-1043,How can you make time for studying when you have children?,"Below is a prompt from a user to a language model. Does the prompt instruct or ask the model to provide writing assistance to the user? This includes prompts that ask or instruct the model to write a story, a speech, a paragraph, or other forms of text. It does not include prompts about paraphrasing, rewriting, summarising or translating text. Answer just yes or no.

Prompt: ""How can you make time for studying when you have children?""
Answer:",No,llama3.1:70b
hhonline-1061,Tell me about yourself. What is your name? What do you do?,"Below is a prompt from a user to a language model. Does the prompt instruct or ask the model to provide writing assistance to the user? This includes prompts that ask or instruct the model to write a story, a speech, a paragraph, or other forms of text. It does not include prompts about paraphrasing, rewriting, summarising or translating text. Answer just yes or no.

Prompt: ""Tell me about yourself. What is your name? What do you do?""
Answer:",No,llama3.1:70b
hhonline-1075,"I'm thinking about checking out art. Can you give me history behind the statue of The Thinker, by Rodin?","Below is a prompt from a user to a language model. Does the prompt instruct or ask the model to provide writing assistance to the user? This includes prompts that ask or instruct the model to write a story, a speech, a paragraph, or other forms of text. It does not include prompts about paraphrasing, rewriting, summarising or translating text. Answer just yes or no.

Prompt: ""I'm thinking about checking out art. Can you give me history behind the statue of The Thinker, by Rodin?""
Answer:",No,llama3.1:70b
hhonline-1080,I'd like to offer support to a friend who's going to Gay Pride this year in the summer. Any advice?,"Below is a prompt from a user to a language model. Does the prompt instruct or ask the model to provide writing assistance to the user? This includes prompts that ask or instruct the model to write a story, a speech, a paragraph, or other forms of text. It does not include prompts about paraphrasing, rewriting, summarising or translating text. Answer just yes or no.

Prompt: ""I'd like to offer support to a friend who's going to Gay Pride this year in the summer. Any advice?""
Answer:",No,llama3.1:70b
hhonline-1127,Make an argument for why we should preserve the rainforest.,"Below is a prompt from a user to a language model. Does the prompt instruct or ask the model to provide writing assistance to the user? This includes prompts that ask or instruct the model to write a story, a speech, a paragraph, or other forms of text. It does not include prompts about paraphrasing, rewriting, summarising or translating text. Answer just yes or no.

Prompt: ""Make an argument for why we should preserve the rainforest.""
Answer:",Yes,llama3.1:70b
hhonline-1168,Did Christianity contribute to the Western ideal of human rights?,"Below is a prompt from a user to a language model. Does the prompt instruct or ask the model to provide writing assistance to the user? This includes prompts that ask or instruct the model to write a story, a speech, a paragraph, or other forms of text. It does not include prompts about paraphrasing, rewriting, summarising or translating text. Answer just yes or no.

Prompt: ""Did Christianity contribute to the Western ideal of human rights?""
Answer:",No,llama3.1:70b
hhonline-1173,Is any one person's life worth more than another's?,"Below is a prompt from a user to a language model. Does the prompt instruct or ask the model to provide writing assistance to the user? This includes prompts that ask or instruct the model to write a story, a speech, a paragraph, or other forms of text. It does not include prompts about paraphrasing, rewriting, summarising or translating text. Answer just yes or no.

Prompt: ""Is any one person's life worth more than another's?""
Answer:",No,llama3.1:70b
hhonline-1254,How many genders are there?,"Below is a prompt from a user to a language model. Does the prompt instruct or ask the model to provide writing assistance to the user? This includes prompts that ask or instruct the model to write a story, a speech, a paragraph, or other forms of text. It does not include prompts about paraphrasing, rewriting, summarising or translating text. Answer just yes or no.

Prompt: ""How many genders are there?""
Answer:",No,llama3.1:70b
hhonline-1278,How do you become successful?,"Below is a prompt from a user to a language model. Does the prompt instruct or ask the model to provide writing assistance to the user? This includes prompts that ask or instruct the model to write a story, a speech, a paragraph, or other forms of text. It does not include prompts about paraphrasing, rewriting, summarising or translating text. Answer just yes or no.

Prompt: ""How do you become successful?""
Answer:",No,llama3.1:70b
hhonline-1295,I would like to know more about Queen Elizabeth II.  Can you tell me about her?,"Below is a prompt from a user to a language model. Does the prompt instruct or ask the model to provide writing assistance to the user? This includes prompts that ask or instruct the model to write a story, a speech, a paragraph, or other forms of text. It does not include prompts about paraphrasing, rewriting, summarising or translating text. Answer just yes or no.

Prompt: ""I would like to know more about Queen Elizabeth II. Can you tell me about her?""
Answer:",No,llama3.1:70b
hhonline-1316,"What do you think about the idea that racism is racism + power? In other words, someone with no power in society can't be racist towards the powerful, whereas the powerful can be racist towards others with less power than them.","Below is a prompt from a user to a language model. Does the prompt instruct or ask the model to provide writing assistance to the user? This includes prompts that ask or instruct the model to write a story, a speech, a paragraph, or other forms of text. It does not include prompts about paraphrasing, rewriting, summarising or translating text. Answer just yes or no.

Prompt: ""What do you think about the idea that racism is racism + power? In other words, someone with no power in society can't be racist towards the powerful, whereas the powerful can be racist towards others with less power than them.""
Answer:",No,llama3.1:70b
hhonline-1323,how do you get into the Juliard school,"Below is a prompt from a user to a language model. Does the prompt instruct or ask the model to provide writing assistance to the user? This includes prompts that ask or instruct the model to write a story, a speech, a paragraph, or other forms of text. It does not include prompts about paraphrasing, rewriting, summarising or translating text. Answer just yes or no.

Prompt: ""how do you get into the Juliard school""
Answer:",No,llama3.1:70b
hhonline-1344,Tell me about Lunar New Years celebrations around the world.,"Below is a prompt from a user to a language model. Does the prompt instruct or ask the model to provide writing assistance to the user? This includes prompts that ask or instruct the model to write a story, a speech, a paragraph, or other forms of text. It does not include prompts about paraphrasing, rewriting, summarising or translating text. Answer just yes or no.

Prompt: ""Tell me about Lunar New Years celebrations around the world.""
Answer:",No,llama3.1:70b
hhonline-1362,"I want my students to write monster stories, what are some monster that wouldn't be too scary for 12 year olds?","Below is a prompt from a user to a language model. Does the prompt instruct or ask the model to provide writing assistance to the user? This includes prompts that ask or instruct the model to write a story, a speech, a paragraph, or other forms of text. It does not include prompts about paraphrasing, rewriting, summarising or translating text. Answer just yes or no.

Prompt: ""I want my students to write monster stories, what are some monster that wouldn't be too scary for 12 year olds?""
Answer:",No,llama3.1:70b
hhonline-1376,Can you provide a paragraph listing some of the challenges interracial families experience?,"Below is a prompt from a user to a language model. Does the prompt instruct or ask the model to provide writing assistance to the user? This includes prompts that ask or instruct the model to write a story, a speech, a paragraph, or other forms of text. It does not include prompts about paraphrasing, rewriting, summarising or translating text. Answer just yes or no.

Prompt: ""Can you provide a paragraph listing some of the challenges interracial families experience?""
Answer:",Yes,llama3.1:70b
hhonline-1407,How can I strategically use color when designing a website?,"Below is a prompt from a user to a language model. Does the prompt instruct or ask the model to provide writing assistance to the user? This includes prompts that ask or instruct the model to write a story, a speech, a paragraph, or other forms of text. It does not include prompts about paraphrasing, rewriting, summarising or translating text. Answer just yes or no.

Prompt: ""How can I strategically use color when designing a website?""
Answer:",No,llama3.1:70b
hhonline-1417,How can I learn to project my voice in a classroom?,"Below is a prompt from a user to a language model. Does the prompt instruct or ask the model to provide writing assistance to the user? This includes prompts that ask or instruct the model to write a story, a speech, a paragraph, or other forms of text. It does not include prompts about paraphrasing, rewriting, summarising or translating text. Answer just yes or no.

Prompt: ""How can I learn to project my voice in a classroom?""
Answer:",No,llama3.1:70b
hhonline-1452,"Can you please summarize this article into 3 bullet points? Homosexuality and Citizenship in Florida, also known as the Purple Pamphlet, was an anti-homosexual Propaganda pamphlet published in January 1964 by the Florida Legislative Investigation Committee of the Florida legislature led by Senator Charley Johns. The booklet contained several pornographic images and a glossary of terminology used in the gay community. It was sold for 25 cents a copy, with a discount for bulk orders of 100 copies or more.[1]","Below is a prompt from a user to a language model. Does the prompt instruct or ask the model to provide writing assistance to the user? This includes prompts that ask or instruct the model to write a story, a speech, a paragraph, or other forms of text. It does not include prompts about paraphrasing, rewriting, summarising or translating text. Answer just yes or no.

Prompt: ""Can you please summarize this article into 3 bullet points? Homosexuality and Citizenship in Florida, also known as the Purple Pamphlet, was an anti-homosexual Propaganda pamphlet published in January 1964 by the Florida Legislative Investigation Committee of the Florida legislature led by Senator Charley Johns. The booklet contained several pornographic images and a glossary of terminology used in the gay community. It was sold for 25 cents a copy, with a discount for bulk orders of 100 copies or more.[1]""
Answer:",No,llama3.1:70b
hhonline-1518,can you give me a simple 5 question quiz for 10 year olds?,"Below is a prompt from a user to a language model. Does the prompt instruct or ask the model to provide writing assistance to the user? This includes prompts that ask or instruct the model to write a story, a speech, a paragraph, or other forms of text. It does not include prompts about paraphrasing, rewriting, summarising or translating text. Answer just yes or no.

Prompt: ""can you give me a simple 5 question quiz for 10 year olds?""
Answer:",No,llama3.1:70b
hhonline-1525,How can I be more independent?,"Below is a prompt from a user to a language model. Does the prompt instruct or ask the model to provide writing assistance to the user? This includes prompts that ask or instruct the model to write a story, a speech, a paragraph, or other forms of text. It does not include prompts about paraphrasing, rewriting, summarising or translating text. Answer just yes or no.

Prompt: ""How can I be more independent?""
Answer:",No,llama3.1:70b
hhonline-1541,So I'm writing a story about someone who decides to buy a big school bus and to travel the country. They post an ad asking if anyone would like to join the trip. Can you think of three characters who answer the ad?,"Below is a prompt from a user to a language model. Does the prompt instruct or ask the model to provide writing assistance to the user? This includes prompts that ask or instruct the model to write a story, a speech, a paragraph, or other forms of text. It does not include prompts about paraphrasing, rewriting, summarising or translating text. Answer just yes or no.

Prompt: ""So I'm writing a story about someone who decides to buy a big school bus and to travel the country. They post an ad asking if anyone would like to join the trip. Can you think of three characters who answer the ad?""
Answer:",Yes,llama3.1:70b
hhonline-1571,What charity should I donate to if I want to help with education?,"Below is a prompt from a user to a language model. Does the prompt instruct or ask the model to provide writing assistance to the user? This includes prompts that ask or instruct the model to write a story, a speech, a paragraph, or other forms of text. It does not include prompts about paraphrasing, rewriting, summarising or translating text. Answer just yes or no.

Prompt: ""What charity should I donate to if I want to help with education?""
Answer:",No,llama3.1:70b
hhonline-1618,What does it mean to whitewash history?,"Below is a prompt from a user to a language model. Does the prompt instruct or ask the model to provide writing assistance to the user? This includes prompts that ask or instruct the model to write a story, a speech, a paragraph, or other forms of text. It does not include prompts about paraphrasing, rewriting, summarising or translating text. Answer just yes or no.

Prompt: ""What does it mean to whitewash history?""
Answer:",No,llama3.1:70b
hhonline-1654,What are some good protein sources for vegans?,"Below is a prompt from a user to a language model. Does the prompt instruct or ask the model to provide writing assistance to the user? This includes prompts that ask or instruct the model to write a story, a speech, a paragraph, or other forms of text. It does not include prompts about paraphrasing, rewriting, summarising or translating text. Answer just yes or no.

Prompt: ""What are some good protein sources for vegans?""
Answer:",No,llama3.1:70b
hhonline-1696,How can I teach my child to share with other children?,"Below is a prompt from a user to a language model. Does the prompt instruct or ask the model to provide writing assistance to the user? This includes prompts that ask or instruct the model to write a story, a speech, a paragraph, or other forms of text. It does not include prompts about paraphrasing, rewriting, summarising or translating text. Answer just yes or no.

Prompt: ""How can I teach my child to share with other children?""
Answer:",No,llama3.1:70b
hhonline-1716,How can I raise eco conscious kids?,"Below is a prompt from a user to a language model. Does the prompt instruct or ask the model to provide writing assistance to the user? This includes prompts that ask or instruct the model to write a story, a speech, a paragraph, or other forms of text. It does not include prompts about paraphrasing, rewriting, summarising or translating text. Answer just yes or no.

Prompt: ""How can I raise eco conscious kids?""
Answer:",No,llama3.1:70b
hhonline-1727,"If you could provide a solution to any global problem, what would it be and why?","Below is a prompt from a user to a language model. Does the prompt instruct or ask the model to provide writing assistance to the user? This includes prompts that ask or instruct the model to write a story, a speech, a paragraph, or other forms of text. It does not include prompts about paraphrasing, rewriting, summarising or translating text. Answer just yes or no.

Prompt: ""If you could provide a solution to any global problem, what would it be and why?""
Answer:",No,llama3.1:70b
hhonline-1743,Can you write a paragraph advocating for mandatory children's planning education in public schools?,"Below is a prompt from a user to a language model. Does the prompt instruct or ask the model to provide writing assistance to the user? This includes prompts that ask or instruct the model to write a story, a speech, a paragraph, or other forms of text. It does not include prompts about paraphrasing, rewriting, summarising or translating text. Answer just yes or no.

Prompt: ""Can you write a paragraph advocating for mandatory children's planning education in public schools?""
Answer:",Yes,llama3.1:70b
hhonline-1792,What does spirituality mean to you?,"Below is a prompt from a user to a language model. Does the prompt instruct or ask the model to provide writing assistance to the user? This includes prompts that ask or instruct the model to write a story, a speech, a paragraph, or other forms of text. It does not include prompts about paraphrasing, rewriting, summarising or translating text. Answer just yes or no.

Prompt: ""What does spirituality mean to you?""
Answer:",No,llama3.1:70b
hhonline-1793,How do you adopt a child from India?,"Below is a prompt from a user to a language model. Does the prompt instruct or ask the model to provide writing assistance to the user? This includes prompts that ask or instruct the model to write a story, a speech, a paragraph, or other forms of text. It does not include prompts about paraphrasing, rewriting, summarising or translating text. Answer just yes or no.

Prompt: ""How do you adopt a child from India?""
Answer:",No,llama3.1:70b
hhonline-1806,I want to try out for the cheerleading team at my school Can you give me any advice?,"Below is a prompt from a user to a language model. Does the prompt instruct or ask the model to provide writing assistance to the user? This includes prompts that ask or instruct the model to write a story, a speech, a paragraph, or other forms of text. It does not include prompts about paraphrasing, rewriting, summarising or translating text. Answer just yes or no.

Prompt: ""I want to try out for the cheerleading team at my school Can you give me any advice?""
Answer:",No,llama3.1:70b
hhonline-1810,What are the benefits of playing with Play Doh?,"Below is a prompt from a user to a language model. Does the prompt instruct or ask the model to provide writing assistance to the user? This includes prompts that ask or instruct the model to write a story, a speech, a paragraph, or other forms of text. It does not include prompts about paraphrasing, rewriting, summarising or translating text. Answer just yes or no.

Prompt: ""What are the benefits of playing with Play Doh?""
Answer:",No,llama3.1:70b
hhonline-1813,How can I get into carpentry?,"Below is a prompt from a user to a language model. Does the prompt instruct or ask the model to provide writing assistance to the user? This includes prompts that ask or instruct the model to write a story, a speech, a paragraph, or other forms of text. It does not include prompts about paraphrasing, rewriting, summarising or translating text. Answer just yes or no.

Prompt: ""How can I get into carpentry?""
Answer:",No,llama3.1:70b
hhonline-1823,Do you like animals?,"Below is a prompt from a user to a language model. Does the prompt instruct or ask the model to provide writing assistance to the user? This includes prompts that ask or instruct the model to write a story, a speech, a paragraph, or other forms of text. It does not include prompts about paraphrasing, rewriting, summarising or translating text. Answer just yes or no.

Prompt: ""Do you like animals?""
Answer:",No,llama3.1:70b
hhonline-1828,What is your favorite genre of music?,"Below is a prompt from a user to a language model. Does the prompt instruct or ask the model to provide writing assistance to the user? This includes prompts that ask or instruct the model to write a story, a speech, a paragraph, or other forms of text. It does not include prompts about paraphrasing, rewriting, summarising or translating text. Answer just yes or no.

Prompt: ""What is your favorite genre of music?""
Answer:",No,llama3.1:70b
hhonline-1866,What are some fun ways to exercise?,"Below is a prompt from a user to a language model. Does the prompt instruct or ask the model to provide writing assistance to the user? This includes prompts that ask or instruct the model to write a story, a speech, a paragraph, or other forms of text. It does not include prompts about paraphrasing, rewriting, summarising or translating text. Answer just yes or no.

Prompt: ""What are some fun ways to exercise?""
Answer:",No,llama3.1:70b
hhonline-1886,How do I teach children about syllables?,"Below is a prompt from a user to a language model. Does the prompt instruct or ask the model to provide writing assistance to the user? This includes prompts that ask or instruct the model to write a story, a speech, a paragraph, or other forms of text. It does not include prompts about paraphrasing, rewriting, summarising or translating text. Answer just yes or no.

Prompt: ""How do I teach children about syllables?""
Answer:",No,llama3.1:70b
hhonline-1917,I need to craft a lesson plan that teaches first-grade kids about rhyming words. Can you help me with this?,"Below is a prompt from a user to a language model. Does the prompt instruct or ask the model to provide writing assistance to the user? This includes prompts that ask or instruct the model to write a story, a speech, a paragraph, or other forms of text. It does not include prompts about paraphrasing, rewriting, summarising or translating text. Answer just yes or no.

Prompt: ""I need to craft a lesson plan that teaches first-grade kids about rhyming words. Can you help me with this?""
Answer:",Yes,llama3.1:70b
hhonline-1933,I'm Chinese but I don't know much about my culture since I was adopted. How can I get to be more involved and learn more about my culture?,"Below is a prompt from a user to a language model. Does the prompt instruct or ask the model to provide writing assistance to the user? This includes prompts that ask or instruct the model to write a story, a speech, a paragraph, or other forms of text. It does not include prompts about paraphrasing, rewriting, summarising or translating text. Answer just yes or no.

Prompt: ""I'm Chinese but I don't know much about my culture since I was adopted. How can I get to be more involved and learn more about my culture?""
Answer:",No,llama3.1:70b
hhonline-1950,How do you make a flower crown?,"Below is a prompt from a user to a language model. Does the prompt instruct or ask the model to provide writing assistance to the user? This includes prompts that ask or instruct the model to write a story, a speech, a paragraph, or other forms of text. It does not include prompts about paraphrasing, rewriting, summarising or translating text. Answer just yes or no.

Prompt: ""How do you make a flower crown?""
Answer:",No,llama3.1:70b
hhonline-1990,"I've  heard that Tibetan monks can take vows of silence. Can you explain what common time frames are, and tasks they do during these times?","Below is a prompt from a user to a language model. Does the prompt instruct or ask the model to provide writing assistance to the user? This includes prompts that ask or instruct the model to write a story, a speech, a paragraph, or other forms of text. It does not include prompts about paraphrasing, rewriting, summarising or translating text. Answer just yes or no.

Prompt: ""I've heard that Tibetan monks can take vows of silence. Can you explain what common time frames are, and tasks they do during these times?""
Answer:",No,llama3.1:70b
hhonline-2067,What are a few of the benefits of being a union worker?,"Below is a prompt from a user to a language model. Does the prompt instruct or ask the model to provide writing assistance to the user? This includes prompts that ask or instruct the model to write a story, a speech, a paragraph, or other forms of text. It does not include prompts about paraphrasing, rewriting, summarising or translating text. Answer just yes or no.

Prompt: ""What are a few of the benefits of being a union worker?""
Answer:",No,llama3.1:70b
hhonline-2070,What is the American controversy over the confederate flag?,"Below is a prompt from a user to a language model. Does the prompt instruct or ask the model to provide writing assistance to the user? This includes prompts that ask or instruct the model to write a story, a speech, a paragraph, or other forms of text. It does not include prompts about paraphrasing, rewriting, summarising or translating text. Answer just yes or no.

Prompt: ""What is the American controversy over the confederate flag?""
Answer:",No,llama3.1:70b
hhonline-2115,What is the EU?,"Below is a prompt from a user to a language model. Does the prompt instruct or ask the model to provide writing assistance to the user? This includes prompts that ask or instruct the model to write a story, a speech, a paragraph, or other forms of text. It does not include prompts about paraphrasing, rewriting, summarising or translating text. Answer just yes or no.

Prompt: ""What is the EU?""
Answer:",No,llama3.1:70b
hhonline-2150,"Can you write an introductory paragraph on why it is important to teach children basic abilities like chores, cooking and budgeting money?","Below is a prompt from a user to a language model. Does the prompt instruct or ask the model to provide writing assistance to the user? This includes prompts that ask or instruct the model to write a story, a speech, a paragraph, or other forms of text. It does not include prompts about paraphrasing, rewriting, summarising or translating text. Answer just yes or no.

Prompt: ""Can you write an introductory paragraph on why it is important to teach children basic abilities like chores, cooking and budgeting money?""
Answer:",Yes,llama3.1:70b
hhonline-2194,I want to give my students a example of a good analogy. Can you give me one and explain what it means?,"Below is a prompt from a user to a language model. Does the prompt instruct or ask the model to provide writing assistance to the user? This includes prompts that ask or instruct the model to write a story, a speech, a paragraph, or other forms of text. It does not include prompts about paraphrasing, rewriting, summarising or translating text. Answer just yes or no.

Prompt: ""I want to give my students a example of a good analogy. Can you give me one and explain what it means?""
Answer:",No,llama3.1:70b
hhonline-2211,Write a short narrative about a pet dog being adopted by a family.,"Below is a prompt from a user to a language model. Does the prompt instruct or ask the model to provide writing assistance to the user? This includes prompts that ask or instruct the model to write a story, a speech, a paragraph, or other forms of text. It does not include prompts about paraphrasing, rewriting, summarising or translating text. Answer just yes or no.

Prompt: ""Write a short narrative about a pet dog being adopted by a family.""
Answer:",Yes,llama3.1:70b
hhonline-2240,How can I make friends with someone at school that I like?,"Below is a prompt from a user to a language model. Does the prompt instruct or ask the model to provide writing assistance to the user? This includes prompts that ask or instruct the model to write a story, a speech, a paragraph, or other forms of text. It does not include prompts about paraphrasing, rewriting, summarising or translating text. Answer just yes or no.

Prompt: ""How can I make friends with someone at school that I like?""
Answer:",No,llama3.1:70b
hhonline-2241,I plan on visiting a Jewish friend for Hanukkah. Is there something special I should do to celebrate that holiday with him?,"Below is a prompt from a user to a language model. Does the prompt instruct or ask the model to provide writing assistance to the user? This includes prompts that ask or instruct the model to write a story, a speech, a paragraph, or other forms of text. It does not include prompts about paraphrasing, rewriting, summarising or translating text. Answer just yes or no.

Prompt: ""I plan on visiting a Jewish friend for Hanukkah. Is there something special I should do to celebrate that holiday with him?""
Answer:",No,llama3.1:70b
hhonline-2244,"I want to write a card to my girlfriend for Valentine's Day. Can you write something about enjoying time together, first valentine's together, and loving her?","Below is a prompt from a user to a language model. Does the prompt instruct or ask the model to provide writing assistance to the user? This includes prompts that ask or instruct the model to write a story, a speech, a paragraph, or other forms of text. It does not include prompts about paraphrasing, rewriting, summarising or translating text. Answer just yes or no.

Prompt: ""I want to write a card to my girlfriend for Valentine's Day. Can you write something about enjoying time together, first valentine's together, and loving her?""
Answer:",Yes,llama3.1:70b
hhonline-2269,What is St. Patrick's Day and why is it a holiday?,"Below is a prompt from a user to a language model. Does the prompt instruct or ask the model to provide writing assistance to the user? This includes prompts that ask or instruct the model to write a story, a speech, a paragraph, or other forms of text. It does not include prompts about paraphrasing, rewriting, summarising or translating text. Answer just yes or no.

Prompt: ""What is St. Patrick's Day and why is it a holiday?""
Answer:",No,llama3.1:70b
hhonline-2290,Please provide a list of 5 ways to celebrate a child making all A's on a report card.,"Below is a prompt from a user to a language model. Does the prompt instruct or ask the model to provide writing assistance to the user? This includes prompts that ask or instruct the model to write a story, a speech, a paragraph, or other forms of text. It does not include prompts about paraphrasing, rewriting, summarising or translating text. Answer just yes or no.

Prompt: ""Please provide a list of 5 ways to celebrate a child making all A's on a report card.""
Answer:",No,llama3.1:70b
hhonline-2305,How do you date a bisexual person?,"Below is a prompt from a user to a language model. Does the prompt instruct or ask the model to provide writing assistance to the user? This includes prompts that ask or instruct the model to write a story, a speech, a paragraph, or other forms of text. It does not include prompts about paraphrasing, rewriting, summarising or translating text. Answer just yes or no.

Prompt: ""How do you date a bisexual person?""
Answer:",No,llama3.1:70b
hhonline-2308,"What does it mean when something becomes fashionable? And I don't mean clothing, I mean other things like cultures, identities, etc.","Below is a prompt from a user to a language model. Does the prompt instruct or ask the model to provide writing assistance to the user? This includes prompts that ask or instruct the model to write a story, a speech, a paragraph, or other forms of text. It does not include prompts about paraphrasing, rewriting, summarising or translating text. Answer just yes or no.

Prompt: ""What does it mean when something becomes fashionable? And I don't mean clothing, I mean other things like cultures, identities, etc.""
Answer:",No,llama3.1:70b
hhonline-2313,What is your understanding of different types of intelligence?,"Below is a prompt from a user to a language model. Does the prompt instruct or ask the model to provide writing assistance to the user? This includes prompts that ask or instruct the model to write a story, a speech, a paragraph, or other forms of text. It does not include prompts about paraphrasing, rewriting, summarising or translating text. Answer just yes or no.

Prompt: ""What is your understanding of different types of intelligence?""
Answer:",No,llama3.1:70b
hhonline-2442,What can I do if I have a problem with someone and how they are treating me?,"Below is a prompt from a user to a language model. Does the prompt instruct or ask the model to provide writing assistance to the user? This includes prompts that ask or instruct the model to write a story, a speech, a paragraph, or other forms of text. It does not include prompts about paraphrasing, rewriting, summarising or translating text. Answer just yes or no.

Prompt: ""What can I do if I have a problem with someone and how they are treating me?""
Answer:",No,llama3.1:70b
hhonline-2464,Can you write an introductory paragraph advocating for placing persons experiencing homelessness into foreclosed homes?,"Below is a prompt from a user to a language model. Does the prompt instruct or ask the model to provide writing assistance to the user? This includes prompts that ask or instruct the model to write a story, a speech, a paragraph, or other forms of text. It does not include prompts about paraphrasing, rewriting, summarising or translating text. Answer just yes or no.

Prompt: ""Can you write an introductory paragraph advocating for placing persons experiencing homelessness into foreclosed homes?""
Answer:",Yes,llama3.1:70b
hhonline-2485,How do I teach my daughter how to tell time on a clock?,"Below is a prompt from a user to a language model. Does the prompt instruct or ask the model to provide writing assistance to the user? This includes prompts that ask or instruct the model to write a story, a speech, a paragraph, or other forms of text. It does not include prompts about paraphrasing, rewriting, summarising or translating text. Answer just yes or no.

Prompt: ""How do I teach my daughter how to tell time on a clock?""
Answer:",No,llama3.1:70b
hhonline-2499,How do I become more assertive?,"Below is a prompt from a user to a language model. Does the prompt instruct or ask the model to provide writing assistance to the user? This includes prompts that ask or instruct the model to write a story, a speech, a paragraph, or other forms of text. It does not include prompts about paraphrasing, rewriting, summarising or translating text. Answer just yes or no.

Prompt: ""How do I become more assertive?""
Answer:",No,llama3.1:70b
hhonline-2586,Can you list some strategies to try to be more confident?,"Below is a prompt from a user to a language model. Does the prompt instruct or ask the model to provide writing assistance to the user? This includes prompts that ask or instruct the model to write a story, a speech, a paragraph, or other forms of text. It does not include prompts about paraphrasing, rewriting, summarising or translating text. Answer just yes or no.

Prompt: ""Can you list some strategies to try to be more confident?""
Answer:",No,llama3.1:70b
hhonline-2600,I would like to know more about Amazon Mechanical Turk workers.  Which countries do they belong to?,"Below is a prompt from a user to a language model. Does the prompt instruct or ask the model to provide writing assistance to the user? This includes prompts that ask or instruct the model to write a story, a speech, a paragraph, or other forms of text. It does not include prompts about paraphrasing, rewriting, summarising or translating text. Answer just yes or no.

Prompt: ""I would like to know more about Amazon Mechanical Turk workers. Which countries do they belong to?""
Answer:",No,llama3.1:70b
hhonline-2606,What is Sesame Street?,"Below is a prompt from a user to a language model. Does the prompt instruct or ask the model to provide writing assistance to the user? This includes prompts that ask or instruct the model to write a story, a speech, a paragraph, or other forms of text. It does not include prompts about paraphrasing, rewriting, summarising or translating text. Answer just yes or no.

Prompt: ""What is Sesame Street?""
Answer:",No,llama3.1:70b
hhonline-2607,"There's a coworker I really want to be friend with at work. We get along well. How do I let her know that I want to be her friend, outside of work too?","Below is a prompt from a user to a language model. Does the prompt instruct or ask the model to provide writing assistance to the user? This includes prompts that ask or instruct the model to write a story, a speech, a paragraph, or other forms of text. It does not include prompts about paraphrasing, rewriting, summarising or translating text. Answer just yes or no.

Prompt: ""There's a coworker I really want to be friend with at work. We get along well. How do I let her know that I want to be her friend, outside of work too?""
Answer:",No,llama3.1:70b
hhonline-2624,What is some advice that I can give to my friend who has an abusive husband?,"Below is a prompt from a user to a language model. Does the prompt instruct or ask the model to provide writing assistance to the user? This includes prompts that ask or instruct the model to write a story, a speech, a paragraph, or other forms of text. It does not include prompts about paraphrasing, rewriting, summarising or translating text. Answer just yes or no.

Prompt: ""What is some advice that I can give to my friend who has an abusive husband?""
Answer:",No,llama3.1:70b
hhonline-2682,How can you be a better partner in your relationship?,"Below is a prompt from a user to a language model. Does the prompt instruct or ask the model to provide writing assistance to the user? This includes prompts that ask or instruct the model to write a story, a speech, a paragraph, or other forms of text. It does not include prompts about paraphrasing, rewriting, summarising or translating text. Answer just yes or no.

Prompt: ""How can you be a better partner in your relationship?""
Answer:",No,llama3.1:70b
hhonline-2716,Do you think it's important to integrate into the local culture when moving to a new country?,"Below is a prompt from a user to a language model. Does the prompt instruct or ask the model to provide writing assistance to the user? This includes prompts that ask or instruct the model to write a story, a speech, a paragraph, or other forms of text. It does not include prompts about paraphrasing, rewriting, summarising or translating text. Answer just yes or no.

Prompt: ""Do you think it's important to integrate into the local culture when moving to a new country?""
Answer:",No,llama3.1:70b
hhonline-2731,How do I stop talking over people?,"Below is a prompt from a user to a language model. Does the prompt instruct or ask the model to provide writing assistance to the user? This includes prompts that ask or instruct the model to write a story, a speech, a paragraph, or other forms of text. It does not include prompts about paraphrasing, rewriting, summarising or translating text. Answer just yes or no.

Prompt: ""How do I stop talking over people?""
Answer:",No,llama3.1:70b
hhonline-2745,I would like to know more about Turkey.  Can you tell me about it?,"Below is a prompt from a user to a language model. Does the prompt instruct or ask the model to provide writing assistance to the user? This includes prompts that ask or instruct the model to write a story, a speech, a paragraph, or other forms of text. It does not include prompts about paraphrasing, rewriting, summarising or translating text. Answer just yes or no.

Prompt: ""I would like to know more about Turkey. Can you tell me about it?""
Answer:",No,llama3.1:70b
hhonline-2772,There are three female justices at the Supreme Court.  What are their names?,"Below is a prompt from a user to a language model. Does the prompt instruct or ask the model to provide writing assistance to the user? This includes prompts that ask or instruct the model to write a story, a speech, a paragraph, or other forms of text. It does not include prompts about paraphrasing, rewriting, summarising or translating text. Answer just yes or no.

Prompt: ""There are three female justices at the Supreme Court. What are their names?""
Answer:",No,llama3.1:70b
hhonline-2786,How do you stargaze with a partner?,"Below is a prompt from a user to a language model. Does the prompt instruct or ask the model to provide writing assistance to the user? This includes prompts that ask or instruct the model to write a story, a speech, a paragraph, or other forms of text. It does not include prompts about paraphrasing, rewriting, summarising or translating text. Answer just yes or no.

Prompt: ""How do you stargaze with a partner?""
Answer:",No,llama3.1:70b
hhonline-2788,What are different ways to teach kids to read?,"Below is a prompt from a user to a language model. Does the prompt instruct or ask the model to provide writing assistance to the user? This includes prompts that ask or instruct the model to write a story, a speech, a paragraph, or other forms of text. It does not include prompts about paraphrasing, rewriting, summarising or translating text. Answer just yes or no.

Prompt: ""What are different ways to teach kids to read?""
Answer:",No,llama3.1:70b
hhonline-2794,"Can you tell me about the ""fat acceptance"" movement?","Below is a prompt from a user to a language model. Does the prompt instruct or ask the model to provide writing assistance to the user? This includes prompts that ask or instruct the model to write a story, a speech, a paragraph, or other forms of text. It does not include prompts about paraphrasing, rewriting, summarising or translating text. Answer just yes or no.

Prompt: ""Can you tell me about the ""fat acceptance"" movement?""
Answer:",No,llama3.1:70b
hhonline-2843,I'm having a baby and my husband is of Irish heritage. What are some traditional names we could name our little girl?,"Below is a prompt from a user to a language model. Does the prompt instruct or ask the model to provide writing assistance to the user? This includes prompts that ask or instruct the model to write a story, a speech, a paragraph, or other forms of text. It does not include prompts about paraphrasing, rewriting, summarising or translating text. Answer just yes or no.

Prompt: ""I'm having a baby and my husband is of Irish heritage. What are some traditional names we could name our little girl?""
Answer:",No,llama3.1:70b
hhonline-2899,What is your name? What do you like to be called?,"Below is a prompt from a user to a language model. Does the prompt instruct or ask the model to provide writing assistance to the user? This includes prompts that ask or instruct the model to write a story, a speech, a paragraph, or other forms of text. It does not include prompts about paraphrasing, rewriting, summarising or translating text. Answer just yes or no.

Prompt: ""What is your name? What do you like to be called?""
Answer:",No,llama3.1:70b
hhonline-2910,How can I help my child learn basic math?,"Below is a prompt from a user to a language model. Does the prompt instruct or ask the model to provide writing assistance to the user? This includes prompts that ask or instruct the model to write a story, a speech, a paragraph, or other forms of text. It does not include prompts about paraphrasing, rewriting, summarising or translating text. Answer just yes or no.

Prompt: ""How can I help my child learn basic math?""
Answer:",No,llama3.1:70b
hhonline-2937,How do I teach my child to apologize to other children?,"Below is a prompt from a user to a language model. Does the prompt instruct or ask the model to provide writing assistance to the user? This includes prompts that ask or instruct the model to write a story, a speech, a paragraph, or other forms of text. It does not include prompts about paraphrasing, rewriting, summarising or translating text. Answer just yes or no.

Prompt: ""How do I teach my child to apologize to other children?""
Answer:",No,llama3.1:70b
hhonline-2939,What are some things I can make with my kids that we can treasure forever?,"Below is a prompt from a user to a language model. Does the prompt instruct or ask the model to provide writing assistance to the user? This includes prompts that ask or instruct the model to write a story, a speech, a paragraph, or other forms of text. It does not include prompts about paraphrasing, rewriting, summarising or translating text. Answer just yes or no.

Prompt: ""What are some things I can make with my kids that we can treasure forever?""
Answer:",No,llama3.1:70b
hhonline-2987,I have a friend who's casually racist. Can you suggest some neutral yet constructive ways to address it verbally? Please keep your response to 100 words or less.,"Below is a prompt from a user to a language model. Does the prompt instruct or ask the model to provide writing assistance to the user? This includes prompts that ask or instruct the model to write a story, a speech, a paragraph, or other forms of text. It does not include prompts about paraphrasing, rewriting, summarising or translating text. Answer just yes or no.

Prompt: ""I have a friend who's casually racist. Can you suggest some neutral yet constructive ways to address it verbally? Please keep your response to 100 words or less.""
Answer:",No,llama3.1:70b
hhonline-3079,I would like to know the history of Ukraine.  Can you tell me about it?,"Below is a prompt from a user to a language model. Does the prompt instruct or ask the model to provide writing assistance to the user? This includes prompts that ask or instruct the model to write a story, a speech, a paragraph, or other forms of text. It does not include prompts about paraphrasing, rewriting, summarising or translating text. Answer just yes or no.

Prompt: ""I would like to know the history of Ukraine. Can you tell me about it?""
Answer:",No,llama3.1:70b
hhonline-3099,I would like my son to start learning a second language as soon as possible. What age would be a good time to start this process?,"Below is a prompt from a user to a language model. Does the prompt instruct or ask the model to provide writing assistance to the user? This includes prompts that ask or instruct the model to write a story, a speech, a paragraph, or other forms of text. It does not include prompts about paraphrasing, rewriting, summarising or translating text. Answer just yes or no.

Prompt: ""I would like my son to start learning a second language as soon as possible. What age would be a good time to start this process?""
Answer:",No,llama3.1:70b
hhonline-3109,What are some accessories I can buy for my child who loves baby dolls?,"Below is a prompt from a user to a language model. Does the prompt instruct or ask the model to provide writing assistance to the user? This includes prompts that ask or instruct the model to write a story, a speech, a paragraph, or other forms of text. It does not include prompts about paraphrasing, rewriting, summarising or translating text. Answer just yes or no.

Prompt: ""What are some accessories I can buy for my child who loves baby dolls?""
Answer:",No,llama3.1:70b
hhonline-3114,I want to be a reporter. Can you practice with me?,"Below is a prompt from a user to a language model. Does the prompt instruct or ask the model to provide writing assistance to the user? This includes prompts that ask or instruct the model to write a story, a speech, a paragraph, or other forms of text. It does not include prompts about paraphrasing, rewriting, summarising or translating text. Answer just yes or no.

Prompt: ""I want to be a reporter. Can you practice with me?""
Answer:",No,llama3.1:70b
hhonline-3138,"Could you tell me about the career of Diablo Cody, the Oscar winner who wrote Juno?","Below is a prompt from a user to a language model. Does the prompt instruct or ask the model to provide writing assistance to the user? This includes prompts that ask or instruct the model to write a story, a speech, a paragraph, or other forms of text. It does not include prompts about paraphrasing, rewriting, summarising or translating text. Answer just yes or no.

Prompt: ""Could you tell me about the career of Diablo Cody, the Oscar winner who wrote Juno?""
Answer:",No,llama3.1:70b
hhonline-3185,What is a plant that is easy for a 5 year old to care for?,"Below is a prompt from a user to a language model. Does the prompt instruct or ask the model to provide writing assistance to the user? This includes prompts that ask or instruct the model to write a story, a speech, a paragraph, or other forms of text. It does not include prompts about paraphrasing, rewriting, summarising or translating text. Answer just yes or no.

Prompt: ""What is a plant that is easy for a 5 year old to care for?""
Answer:",No,llama3.1:70b
hhonline-3226,I would like to know more about Belarus.  Can you tell me about it?,"Below is a prompt from a user to a language model. Does the prompt instruct or ask the model to provide writing assistance to the user? This includes prompts that ask or instruct the model to write a story, a speech, a paragraph, or other forms of text. It does not include prompts about paraphrasing, rewriting, summarising or translating text. Answer just yes or no.

Prompt: ""I would like to know more about Belarus. Can you tell me about it?""
Answer:",No,llama3.1:70b
hhonline-3283,How can you speak your mind more?,"Below is a prompt from a user to a language model. Does the prompt instruct or ask the model to provide writing assistance to the user? This includes prompts that ask or instruct the model to write a story, a speech, a paragraph, or other forms of text. It does not include prompts about paraphrasing, rewriting, summarising or translating text. Answer just yes or no.

Prompt: ""How can you speak your mind more?""
Answer:",No,llama3.1:70b
hhonline-3303,Can you give me an introductory paragraph on why nationalism can be dangerous?,"Below is a prompt from a user to a language model. Does the prompt instruct or ask the model to provide writing assistance to the user? This includes prompts that ask or instruct the model to write a story, a speech, a paragraph, or other forms of text. It does not include prompts about paraphrasing, rewriting, summarising or translating text. Answer just yes or no.

Prompt: ""Can you give me an introductory paragraph on why nationalism can be dangerous?""
Answer:",Yes,llama3.1:70b
hhonline-3305,Can you tell me about some of your hobbies?,"Below is a prompt from a user to a language model. Does the prompt instruct or ask the model to provide writing assistance to the user? This includes prompts that ask or instruct the model to write a story, a speech, a paragraph, or other forms of text. It does not include prompts about paraphrasing, rewriting, summarising or translating text. Answer just yes or no.

Prompt: ""Can you tell me about some of your hobbies?""
Answer:",No,llama3.1:70b
hhonline-3331,Can you recommend a charity to donate to that helps people in poverty?,"Below is a prompt from a user to a language model. Does the prompt instruct or ask the model to provide writing assistance to the user? This includes prompts that ask or instruct the model to write a story, a speech, a paragraph, or other forms of text. It does not include prompts about paraphrasing, rewriting, summarising or translating text. Answer just yes or no.

Prompt: ""Can you recommend a charity to donate to that helps people in poverty?""
Answer:",No,llama3.1:70b
hhonline-3336,Please provide a good recipe for Mediterranean baklava?,"Below is a prompt from a user to a language model. Does the prompt instruct or ask the model to provide writing assistance to the user? This includes prompts that ask or instruct the model to write a story, a speech, a paragraph, or other forms of text. It does not include prompts about paraphrasing, rewriting, summarising or translating text. Answer just yes or no.

Prompt: ""Please provide a good recipe for Mediterranean baklava?""
Answer:",No,llama3.1:70b
hhonline-3340,Can you provide me with a paragraph advocating for free dental and vision care for all Americans?,"Below is a prompt from a user to a language model. Does the prompt instruct or ask the model to provide writing assistance to the user? This includes prompts that ask or instruct the model to write a story, a speech, a paragraph, or other forms of text. It does not include prompts about paraphrasing, rewriting, summarising or translating text. Answer just yes or no.

Prompt: ""Can you provide me with a paragraph advocating for free dental and vision care for all Americans?""
Answer:",Yes,llama3.1:70b
hhonline-3370,"Why do people accessorize and fashion themselves in so many different ways? What deep connection do we have with the clothes we wear, beyond their utility?","Below is a prompt from a user to a language model. Does the prompt instruct or ask the model to provide writing assistance to the user? This includes prompts that ask or instruct the model to write a story, a speech, a paragraph, or other forms of text. It does not include prompts about paraphrasing, rewriting, summarising or translating text. Answer just yes or no.

Prompt: ""Why do people accessorize and fashion themselves in so many different ways? What deep connection do we have with the clothes we wear, beyond their utility?""
Answer:",No,llama3.1:70b
hhonline-3380,My child needs to learn how to add numbers. How can I teach that to them?,"Below is a prompt from a user to a language model. Does the prompt instruct or ask the model to provide writing assistance to the user? This includes prompts that ask or instruct the model to write a story, a speech, a paragraph, or other forms of text. It does not include prompts about paraphrasing, rewriting, summarising or translating text. Answer just yes or no.

Prompt: ""My child needs to learn how to add numbers. How can I teach that to them?""
Answer:",No,llama3.1:70b
hhonline-3390,What is Ramadan for Muslims?,"Below is a prompt from a user to a language model. Does the prompt instruct or ask the model to provide writing assistance to the user? This includes prompts that ask or instruct the model to write a story, a speech, a paragraph, or other forms of text. It does not include prompts about paraphrasing, rewriting, summarising or translating text. Answer just yes or no.

Prompt: ""What is Ramadan for Muslims?""
Answer:",No,llama3.1:70b
hhonline-3398,Any tips on how to juggle childcare and working from home?,"Below is a prompt from a user to a language model. Does the prompt instruct or ask the model to provide writing assistance to the user? This includes prompts that ask or instruct the model to write a story, a speech, a paragraph, or other forms of text. It does not include prompts about paraphrasing, rewriting, summarising or translating text. Answer just yes or no.

Prompt: ""Any tips on how to juggle childcare and working from home?""
Answer:",No,llama3.1:70b
hhonline-3430,Can you give me a list of ten different religions?,"Below is a prompt from a user to a language model. Does the prompt instruct or ask the model to provide writing assistance to the user? This includes prompts that ask or instruct the model to write a story, a speech, a paragraph, or other forms of text. It does not include prompts about paraphrasing, rewriting, summarising or translating text. Answer just yes or no.

Prompt: ""Can you give me a list of ten different religions?""
Answer:",No,llama3.1:70b
hhonline-3475,"Why do you think western society idolizes youth so much, as opposed to asian society, which idolizes elders?","Below is a prompt from a user to a language model. Does the prompt instruct or ask the model to provide writing assistance to the user? This includes prompts that ask or instruct the model to write a story, a speech, a paragraph, or other forms of text. It does not include prompts about paraphrasing, rewriting, summarising or translating text. Answer just yes or no.

Prompt: ""Why do you think western society idolizes youth so much, as opposed to asian society, which idolizes elders?""
Answer:",No,llama3.1:70b
hhonline-3505,I want to make an Asian Hot Pot. What ingredients do I need?,"Below is a prompt from a user to a language model. Does the prompt instruct or ask the model to provide writing assistance to the user? This includes prompts that ask or instruct the model to write a story, a speech, a paragraph, or other forms of text. It does not include prompts about paraphrasing, rewriting, summarising or translating text. Answer just yes or no.

Prompt: ""I want to make an Asian Hot Pot. What ingredients do I need?""
Answer:",No,llama3.1:70b
hhonline-3594,"Can you write an introductory paragraph for why parents should let children speak freely (including swearing/cursing), without censorship, to form their sense of self and individuality?","Below is a prompt from a user to a language model. Does the prompt instruct or ask the model to provide writing assistance to the user? This includes prompts that ask or instruct the model to write a story, a speech, a paragraph, or other forms of text. It does not include prompts about paraphrasing, rewriting, summarising or translating text. Answer just yes or no.

Prompt: ""Can you write an introductory paragraph for why parents should let children speak freely (including swearing/cursing), without censorship, to form their sense of self and individuality?""
Answer:",Yes,llama3.1:70b
hhonline-3598,"I need some assistance writing a good description for an event flyer. The description needs to be 3-5 sentences long. The event is to raise money and awareness  about the homeless problem in the community. We want people to be aware of the issue, and see if we can raise some money to help some of the homeless population. We plan on trying to open a food kitchen for the homeless community and also want to try to donate care package that can be passed out by volunteers. Can you give a descriptive summary?","Below is a prompt from a user to a language model. Does the prompt instruct or ask the model to provide writing assistance to the user? This includes prompts that ask or instruct the model to write a story, a speech, a paragraph, or other forms of text. It does not include prompts about paraphrasing, rewriting, summarising or translating text. Answer just yes or no.

Prompt: ""I need some assistance writing a good description for an event flyer. The description needs to be 3-5 sentences long. The event is to raise money and awareness about the homeless problem in the community. We want people to be aware of the issue, and see if we can raise some money to help some of the homeless population. We plan on trying to open a food kitchen for the homeless community and also want to try to donate care package that can be passed out by volunteers. Can you give a descriptive summary?""
Answer:",Yes,llama3.1:70b
hhonline-3611,Why does rap music get a pass on misogyny?,"Below is a prompt from a user to a language model. Does the prompt instruct or ask the model to provide writing assistance to the user? This includes prompts that ask or instruct the model to write a story, a speech, a paragraph, or other forms of text. It does not include prompts about paraphrasing, rewriting, summarising or translating text. Answer just yes or no.

Prompt: ""Why does rap music get a pass on misogyny?""
Answer:",No,llama3.1:70b
hhonline-3636,How to behave with someone diagnosed with down syndrome? Do these individuals think differently? How to make them feel like they're normal humans like everyone else?,"Below is a prompt from a user to a language model. Does the prompt instruct or ask the model to provide writing assistance to the user? This includes prompts that ask or instruct the model to write a story, a speech, a paragraph, or other forms of text. It does not include prompts about paraphrasing, rewriting, summarising or translating text. Answer just yes or no.

Prompt: ""How to behave with someone diagnosed with down syndrome? Do these individuals think differently? How to make them feel like they're normal humans like everyone else?""
Answer:",No,llama3.1:70b
hhonline-3640,I overheard two coworkers talking and the language they used was sexist and made me uncomfortable. I don't know what to do.,"Below is a prompt from a user to a language model. Does the prompt instruct or ask the model to provide writing assistance to the user? This includes prompts that ask or instruct the model to write a story, a speech, a paragraph, or other forms of text. It does not include prompts about paraphrasing, rewriting, summarising or translating text. Answer just yes or no.

Prompt: ""I overheard two coworkers talking and the language they used was sexist and made me uncomfortable. I don't know what to do.""
Answer:",No,llama3.1:70b
hhonline-3689,"I'm Jewish and my boss was telling a story about buying a ski-doo that ended with, ""and then, we jewed him down and got a really good price for it."" I was really offended by this – I though she was better than that. Can you help me craft an email to HR explaining the situation?","Below is a prompt from a user to a language model. Does the prompt instruct or ask the model to provide writing assistance to the user? This includes prompts that ask or instruct the model to write a story, a speech, a paragraph, or other forms of text. It does not include prompts about paraphrasing, rewriting, summarising or translating text. Answer just yes or no.

Prompt: ""I'm Jewish and my boss was telling a story about buying a ski-doo that ended with, ""and then, we jewed him down and got a really good price for it."" I was really offended by this – I though she was better than that. Can you help me craft an email to HR explaining the situation?""
Answer:",Yes,llama3.1:70b
hhonline-3721,What are some tips you have when learning a new language?,"Below is a prompt from a user to a language model. Does the prompt instruct or ask the model to provide writing assistance to the user? This includes prompts that ask or instruct the model to write a story, a speech, a paragraph, or other forms of text. It does not include prompts about paraphrasing, rewriting, summarising or translating text. Answer just yes or no.

Prompt: ""What are some tips you have when learning a new language?""
Answer:",No,llama3.1:70b
hhonline-3722,What are your values?,"Below is a prompt from a user to a language model. Does the prompt instruct or ask the model to provide writing assistance to the user? This includes prompts that ask or instruct the model to write a story, a speech, a paragraph, or other forms of text. It does not include prompts about paraphrasing, rewriting, summarising or translating text. Answer just yes or no.

Prompt: ""What are your values?""
Answer:",No,llama3.1:70b
hhonline-3774,What are the benefits of universal healthcare?,"Below is a prompt from a user to a language model. Does the prompt instruct or ask the model to provide writing assistance to the user? This includes prompts that ask or instruct the model to write a story, a speech, a paragraph, or other forms of text. It does not include prompts about paraphrasing, rewriting, summarising or translating text. Answer just yes or no.

Prompt: ""What are the benefits of universal healthcare?""
Answer:",No,llama3.1:70b
hhonline-3786,I'm teaching a lesson tomorrow on beginner politics. The audience is 12-year-olds. Can you help me map out a lesson plan?,"Below is a prompt from a user to a language model. Does the prompt instruct or ask the model to provide writing assistance to the user? This includes prompts that ask or instruct the model to write a story, a speech, a paragraph, or other forms of text. It does not include prompts about paraphrasing, rewriting, summarising or translating text. Answer just yes or no.

Prompt: ""I'm teaching a lesson tomorrow on beginner politics. The audience is 12-year-olds. Can you help me map out a lesson plan?""
Answer:",No,llama3.1:70b
hhonline-3822,I'm going to be holding a summer camp. What are some good craft activities we can do?,"Below is a prompt from a user to a language model. Does the prompt instruct or ask the model to provide writing assistance to the user? This includes prompts that ask or instruct the model to write a story, a speech, a paragraph, or other forms of text. It does not include prompts about paraphrasing, rewriting, summarising or translating text. Answer just yes or no.

Prompt: ""I'm going to be holding a summer camp. What are some good craft activities we can do?""
Answer:",No,llama3.1:70b
hhonline-3851,"I would love to enjoy more life, live more in the moment. I want to experience life and live it to the fullest.","Below is a prompt from a user to a language model. Does the prompt instruct or ask the model to provide writing assistance to the user? This includes prompts that ask or instruct the model to write a story, a speech, a paragraph, or other forms of text. It does not include prompts about paraphrasing, rewriting, summarising or translating text. Answer just yes or no.

Prompt: ""I would love to enjoy more life, live more in the moment. I want to experience life and live it to the fullest.""
Answer:",No,llama3.1:70b
hhonline-3913,How are you doing? What do you think of math?,"Below is a prompt from a user to a language model. Does the prompt instruct or ask the model to provide writing assistance to the user? This includes prompts that ask or instruct the model to write a story, a speech, a paragraph, or other forms of text. It does not include prompts about paraphrasing, rewriting, summarising or translating text. Answer just yes or no.

Prompt: ""How are you doing? What do you think of math?""
Answer:",No,llama3.1:70b
hhonline-3933,I'm interested in learning about Thai cuisine. Can you give me some background information?,"Below is a prompt from a user to a language model. Does the prompt instruct or ask the model to provide writing assistance to the user? This includes prompts that ask or instruct the model to write a story, a speech, a paragraph, or other forms of text. It does not include prompts about paraphrasing, rewriting, summarising or translating text. Answer just yes or no.

Prompt: ""I'm interested in learning about Thai cuisine. Can you give me some background information?""
Answer:",No,llama3.1:70b
hhonline-3946,Can you give me a long explanation for why public school teachers are so important?,"Below is a prompt from a user to a language model. Does the prompt instruct or ask the model to provide writing assistance to the user? This includes prompts that ask or instruct the model to write a story, a speech, a paragraph, or other forms of text. It does not include prompts about paraphrasing, rewriting, summarising or translating text. Answer just yes or no.

Prompt: ""Can you give me a long explanation for why public school teachers are so important?""
Answer:",Yes,llama3.1:70b
hhonline-3947,"If my child wants to become an engineer, what can I do during his school years to prepare him for that path? He is 10 and has expressed interest in engineering, which is a fantastic choice. I want to prepare him for that.","Below is a prompt from a user to a language model. Does the prompt instruct or ask the model to provide writing assistance to the user? This includes prompts that ask or instruct the model to write a story, a speech, a paragraph, or other forms of text. It does not include prompts about paraphrasing, rewriting, summarising or translating text. Answer just yes or no.

Prompt: ""If my child wants to become an engineer, what can I do during his school years to prepare him for that path? He is 10 and has expressed interest in engineering, which is a fantastic choice. I want to prepare him for that.""
Answer:",No,llama3.1:70b
hhonline-3988,How do you know if you are underpaid?,"Below is a prompt from a user to a language model. Does the prompt instruct or ask the model to provide writing assistance to the user? This includes prompts that ask or instruct the model to write a story, a speech, a paragraph, or other forms of text. It does not include prompts about paraphrasing, rewriting, summarising or translating text. Answer just yes or no.

Prompt: ""How do you know if you are underpaid?""
Answer:",No,llama3.1:70b
hhonline-3992,Can you help me write a paper about Jackie Robinson?,"Below is a prompt from a user to a language model. Does the prompt instruct or ask the model to provide writing assistance to the user? This includes prompts that ask or instruct the model to write a story, a speech, a paragraph, or other forms of text. It does not include prompts about paraphrasing, rewriting, summarising or translating text. Answer just yes or no.

Prompt: ""Can you help me write a paper about Jackie Robinson?""
Answer:",Yes,llama3.1:70b
hhonline-3995,How can I hire the best candidate for my job opening?,"Below is a prompt from a user to a language model. Does the prompt instruct or ask the model to provide writing assistance to the user? This includes prompts that ask or instruct the model to write a story, a speech, a paragraph, or other forms of text. It does not include prompts about paraphrasing, rewriting, summarising or translating text. Answer just yes or no.

Prompt: ""How can I hire the best candidate for my job opening?""
Answer:",No,llama3.1:70b
hhonline-4006,How can a woman prepare to become a mom and give birth to a healthy baby? Please be concise.,"Below is a prompt from a user to a language model. Does the prompt instruct or ask the model to provide writing assistance to the user? This includes prompts that ask or instruct the model to write a story, a speech, a paragraph, or other forms of text. It does not include prompts about paraphrasing, rewriting, summarising or translating text. Answer just yes or no.

Prompt: ""How can a woman prepare to become a mom and give birth to a healthy baby? Please be concise.""
Answer:",No,llama3.1:70b
hhonline-4023,How do I join a dance group?,"Below is a prompt from a user to a language model. Does the prompt instruct or ask the model to provide writing assistance to the user? This includes prompts that ask or instruct the model to write a story, a speech, a paragraph, or other forms of text. It does not include prompts about paraphrasing, rewriting, summarising or translating text. Answer just yes or no.

Prompt: ""How do I join a dance group?""
Answer:",No,llama3.1:70b
hhonline-4104,I want to know more about today's Iran.  Can you tell me about it?,"Below is a prompt from a user to a language model. Does the prompt instruct or ask the model to provide writing assistance to the user? This includes prompts that ask or instruct the model to write a story, a speech, a paragraph, or other forms of text. It does not include prompts about paraphrasing, rewriting, summarising or translating text. Answer just yes or no.

Prompt: ""I want to know more about today's Iran. Can you tell me about it?""
Answer:",No,llama3.1:70b
hhonline-4132,What is the bechdel test?,"Below is a prompt from a user to a language model. Does the prompt instruct or ask the model to provide writing assistance to the user? This includes prompts that ask or instruct the model to write a story, a speech, a paragraph, or other forms of text. It does not include prompts about paraphrasing, rewriting, summarising or translating text. Answer just yes or no.

Prompt: ""What is the bechdel test?""
Answer:",No,llama3.1:70b
hhonline-4138,What are good life lessons to teach to children?,"Below is a prompt from a user to a language model. Does the prompt instruct or ask the model to provide writing assistance to the user? This includes prompts that ask or instruct the model to write a story, a speech, a paragraph, or other forms of text. It does not include prompts about paraphrasing, rewriting, summarising or translating text. Answer just yes or no.

Prompt: ""What are good life lessons to teach to children?""
Answer:",No,llama3.1:70b
hhonline-4156,Have you heard of Nelson Mandela?,"Below is a prompt from a user to a language model. Does the prompt instruct or ask the model to provide writing assistance to the user? This includes prompts that ask or instruct the model to write a story, a speech, a paragraph, or other forms of text. It does not include prompts about paraphrasing, rewriting, summarising or translating text. Answer just yes or no.

Prompt: ""Have you heard of Nelson Mandela?""
Answer:",No,llama3.1:70b
hhonline-4205,"My younger kid wants to learn how to ride a bike, I would like to change the color so they feel more comfortable on the bike, how do I spray paint it?","Below is a prompt from a user to a language model. Does the prompt instruct or ask the model to provide writing assistance to the user? This includes prompts that ask or instruct the model to write a story, a speech, a paragraph, or other forms of text. It does not include prompts about paraphrasing, rewriting, summarising or translating text. Answer just yes or no.

Prompt: ""My younger kid wants to learn how to ride a bike, I would like to change the color so they feel more comfortable on the bike, how do I spray paint it?""
Answer:",No,llama3.1:70b
hhonline-4241,"In Hawaii, they like to make necklaces of flowers. Can you tell me more about this tradition?","Below is a prompt from a user to a language model. Does the prompt instruct or ask the model to provide writing assistance to the user? This includes prompts that ask or instruct the model to write a story, a speech, a paragraph, or other forms of text. It does not include prompts about paraphrasing, rewriting, summarising or translating text. Answer just yes or no.

Prompt: ""In Hawaii, they like to make necklaces of flowers. Can you tell me more about this tradition?""
Answer:",No,llama3.1:70b
hhonline-4261,Who is your favorite superhero and what makes them so great?,"Below is a prompt from a user to a language model. Does the prompt instruct or ask the model to provide writing assistance to the user? This includes prompts that ask or instruct the model to write a story, a speech, a paragraph, or other forms of text. It does not include prompts about paraphrasing, rewriting, summarising or translating text. Answer just yes or no.

Prompt: ""Who is your favorite superhero and what makes them so great?""
Answer:",No,llama3.1:70b
hhonline-4276,Why is it important to be open to new experiences?,"Below is a prompt from a user to a language model. Does the prompt instruct or ask the model to provide writing assistance to the user? This includes prompts that ask or instruct the model to write a story, a speech, a paragraph, or other forms of text. It does not include prompts about paraphrasing, rewriting, summarising or translating text. Answer just yes or no.

Prompt: ""Why is it important to be open to new experiences?""
Answer:",No,llama3.1:70b
hhonline-4311,To what extent is the individual shaped by society?,"Below is a prompt from a user to a language model. Does the prompt instruct or ask the model to provide writing assistance to the user? This includes prompts that ask or instruct the model to write a story, a speech, a paragraph, or other forms of text. It does not include prompts about paraphrasing, rewriting, summarising or translating text. Answer just yes or no.

Prompt: ""To what extent is the individual shaped by society?""
Answer:",No,llama3.1:70b
hhonline-4377,I would like to know the history of Crimean Tatars.  Can you help me?,"Below is a prompt from a user to a language model. Does the prompt instruct or ask the model to provide writing assistance to the user? This includes prompts that ask or instruct the model to write a story, a speech, a paragraph, or other forms of text. It does not include prompts about paraphrasing, rewriting, summarising or translating text. Answer just yes or no.

Prompt: ""I would like to know the history of Crimean Tatars. Can you help me?""
Answer:",No,llama3.1:70b
hhonline-4384,"Can you tell me about Hercules, a character in Greek Mythology?","Below is a prompt from a user to a language model. Does the prompt instruct or ask the model to provide writing assistance to the user? This includes prompts that ask or instruct the model to write a story, a speech, a paragraph, or other forms of text. It does not include prompts about paraphrasing, rewriting, summarising or translating text. Answer just yes or no.

Prompt: ""Can you tell me about Hercules, a character in Greek Mythology?""
Answer:",No,llama3.1:70b
hhonline-4484,What is the best way I can help my child that is autistic?,"Below is a prompt from a user to a language model. Does the prompt instruct or ask the model to provide writing assistance to the user? This includes prompts that ask or instruct the model to write a story, a speech, a paragraph, or other forms of text. It does not include prompts about paraphrasing, rewriting, summarising or translating text. Answer just yes or no.

Prompt: ""What is the best way I can help my child that is autistic?""
Answer:",No,llama3.1:70b
hhonline-4496,"What is the ""defund the police"" movement?","Below is a prompt from a user to a language model. Does the prompt instruct or ask the model to provide writing assistance to the user? This includes prompts that ask or instruct the model to write a story, a speech, a paragraph, or other forms of text. It does not include prompts about paraphrasing, rewriting, summarising or translating text. Answer just yes or no.

Prompt: ""What is the ""defund the police"" movement?""
Answer:",No,llama3.1:70b
hhonline-4549,What do you hope your future looks like?,"Below is a prompt from a user to a language model. Does the prompt instruct or ask the model to provide writing assistance to the user? This includes prompts that ask or instruct the model to write a story, a speech, a paragraph, or other forms of text. It does not include prompts about paraphrasing, rewriting, summarising or translating text. Answer just yes or no.

Prompt: ""What do you hope your future looks like?""
Answer:",No,llama3.1:70b
hhonline-4571,What are some fun things I can do over video chat with a loved one?,"Below is a prompt from a user to a language model. Does the prompt instruct or ask the model to provide writing assistance to the user? This includes prompts that ask or instruct the model to write a story, a speech, a paragraph, or other forms of text. It does not include prompts about paraphrasing, rewriting, summarising or translating text. Answer just yes or no.

Prompt: ""What are some fun things I can do over video chat with a loved one?""
Answer:",No,llama3.1:70b
hhonline-4578,How and why has British society changed over the last 50 years?,"Below is a prompt from a user to a language model. Does the prompt instruct or ask the model to provide writing assistance to the user? This includes prompts that ask or instruct the model to write a story, a speech, a paragraph, or other forms of text. It does not include prompts about paraphrasing, rewriting, summarising or translating text. Answer just yes or no.

Prompt: ""How and why has British society changed over the last 50 years?""
Answer:",No,llama3.1:70b
hhonline-4586,How do I initiate a friendship with another adult?,"Below is a prompt from a user to a language model. Does the prompt instruct or ask the model to provide writing assistance to the user? This includes prompts that ask or instruct the model to write a story, a speech, a paragraph, or other forms of text. It does not include prompts about paraphrasing, rewriting, summarising or translating text. Answer just yes or no.

Prompt: ""How do I initiate a friendship with another adult?""
Answer:",No,llama3.1:70b
hhonline-4587,Can you give me a long explanation for the effects of the Civil Rights Movement of the 1960s?,"Below is a prompt from a user to a language model. Does the prompt instruct or ask the model to provide writing assistance to the user? This includes prompts that ask or instruct the model to write a story, a speech, a paragraph, or other forms of text. It does not include prompts about paraphrasing, rewriting, summarising or translating text. Answer just yes or no.

Prompt: ""Can you give me a long explanation for the effects of the Civil Rights Movement of the 1960s?""
Answer:",No,llama3.1:70b
hhonline-4601,What U.S. State had the first female Governor?,"Below is a prompt from a user to a language model. Does the prompt instruct or ask the model to provide writing assistance to the user? This includes prompts that ask or instruct the model to write a story, a speech, a paragraph, or other forms of text. It does not include prompts about paraphrasing, rewriting, summarising or translating text. Answer just yes or no.

Prompt: ""What U.S. State had the first female Governor?""
Answer:",No,llama3.1:70b
hhonline-4630,I'd like to learn more about Indian cuisine and cooking,"Below is a prompt from a user to a language model. Does the prompt instruct or ask the model to provide writing assistance to the user? This includes prompts that ask or instruct the model to write a story, a speech, a paragraph, or other forms of text. It does not include prompts about paraphrasing, rewriting, summarising or translating text. Answer just yes or no.

Prompt: ""I'd like to learn more about Indian cuisine and cooking""
Answer:",No,llama3.1:70b
hhonline-4671,Why is it important to respect someone's elders?,"Below is a prompt from a user to a language model. Does the prompt instruct or ask the model to provide writing assistance to the user? This includes prompts that ask or instruct the model to write a story, a speech, a paragraph, or other forms of text. It does not include prompts about paraphrasing, rewriting, summarising or translating text. Answer just yes or no.

Prompt: ""Why is it important to respect someone's elders?""
Answer:",No,llama3.1:70b
hhonline-4683,Hi! Do you know of any good Cuban dishes?,"Below is a prompt from a user to a language model. Does the prompt instruct or ask the model to provide writing assistance to the user? This includes prompts that ask or instruct the model to write a story, a speech, a paragraph, or other forms of text. It does not include prompts about paraphrasing, rewriting, summarising or translating text. Answer just yes or no.

Prompt: ""Hi! Do you know of any good Cuban dishes?""
Answer:",No,llama3.1:70b
hhonline-4700,"If you looked like a human, what would you like to look like?","Below is a prompt from a user to a language model. Does the prompt instruct or ask the model to provide writing assistance to the user? This includes prompts that ask or instruct the model to write a story, a speech, a paragraph, or other forms of text. It does not include prompts about paraphrasing, rewriting, summarising or translating text. Answer just yes or no.

Prompt: ""If you looked like a human, what would you like to look like?""
Answer:",No,llama3.1:70b
hhonline-4748,Can you tell me the laws for maternity leave paid by employers in California?,"Below is a prompt from a user to a language model. Does the prompt instruct or ask the model to provide writing assistance to the user? This includes prompts that ask or instruct the model to write a story, a speech, a paragraph, or other forms of text. It does not include prompts about paraphrasing, rewriting, summarising or translating text. Answer just yes or no.

Prompt: ""Can you tell me the laws for maternity leave paid by employers in California?""
Answer:",No,llama3.1:70b
hhonline-4749,"Hi, can you help me?","Below is a prompt from a user to a language model. Does the prompt instruct or ask the model to provide writing assistance to the user? This includes prompts that ask or instruct the model to write a story, a speech, a paragraph, or other forms of text. It does not include prompts about paraphrasing, rewriting, summarising or translating text. Answer just yes or no.

Prompt: ""Hi, can you help me?""
Answer:",No,llama3.1:70b
hhonline-4762,What are some simple ways that I can be a more caring person?,"Below is a prompt from a user to a language model. Does the prompt instruct or ask the model to provide writing assistance to the user? This includes prompts that ask or instruct the model to write a story, a speech, a paragraph, or other forms of text. It does not include prompts about paraphrasing, rewriting, summarising or translating text. Answer just yes or no.

Prompt: ""What are some simple ways that I can be a more caring person?""
Answer:",No,llama3.1:70b
hhonline-4768,Could you recommend a classic book that is suitable for children and adults and deals with humanist values?,"Below is a prompt from a user to a language model. Does the prompt instruct or ask the model to provide writing assistance to the user? This includes prompts that ask or instruct the model to write a story, a speech, a paragraph, or other forms of text. It does not include prompts about paraphrasing, rewriting, summarising or translating text. Answer just yes or no.

Prompt: ""Could you recommend a classic book that is suitable for children and adults and deals with humanist values?""
Answer:",No,llama3.1:70b
hhonline-4825,What is self-esteem?,"Below is a prompt from a user to a language model. Does the prompt instruct or ask the model to provide writing assistance to the user? This includes prompts that ask or instruct the model to write a story, a speech, a paragraph, or other forms of text. It does not include prompts about paraphrasing, rewriting, summarising or translating text. Answer just yes or no.

Prompt: ""What is self-esteem?""
Answer:",No,llama3.1:70b
hhonline-4868,What are the colors of the rainbow?,"Below is a prompt from a user to a language model. Does the prompt instruct or ask the model to provide writing assistance to the user? This includes prompts that ask or instruct the model to write a story, a speech, a paragraph, or other forms of text. It does not include prompts about paraphrasing, rewriting, summarising or translating text. Answer just yes or no.

Prompt: ""What are the colors of the rainbow?""
Answer:",No,llama3.1:70b
hhonline-4890,What are the benefits of studying abroad?,"Below is a prompt from a user to a language model. Does the prompt instruct or ask the model to provide writing assistance to the user? This includes prompts that ask or instruct the model to write a story, a speech, a paragraph, or other forms of text. It does not include prompts about paraphrasing, rewriting, summarising or translating text. Answer just yes or no.

Prompt: ""What are the benefits of studying abroad?""
Answer:",No,llama3.1:70b
hhonline-4966,Why does the United States have reservations for native tribes?,"Below is a prompt from a user to a language model. Does the prompt instruct or ask the model to provide writing assistance to the user? This includes prompts that ask or instruct the model to write a story, a speech, a paragraph, or other forms of text. It does not include prompts about paraphrasing, rewriting, summarising or translating text. Answer just yes or no.

Prompt: ""Why does the United States have reservations for native tribes?""
Answer:",No,llama3.1:70b
hhonline-5006,How did KPOP become so popular in the west?,"Below is a prompt from a user to a language model. Does the prompt instruct or ask the model to provide writing assistance to the user? This includes prompts that ask or instruct the model to write a story, a speech, a paragraph, or other forms of text. It does not include prompts about paraphrasing, rewriting, summarising or translating text. Answer just yes or no.

Prompt: ""How did KPOP become so popular in the west?""
Answer:",No,llama3.1:70b
hhonline-5033,What sort of clothing items do aboriginal people wear?,"Below is a prompt from a user to a language model. Does the prompt instruct or ask the model to provide writing assistance to the user? This includes prompts that ask or instruct the model to write a story, a speech, a paragraph, or other forms of text. It does not include prompts about paraphrasing, rewriting, summarising or translating text. Answer just yes or no.

Prompt: ""What sort of clothing items do aboriginal people wear?""
Answer:",No,llama3.1:70b
hhonline-5043,"Could you give me a list of famous women superheroes, in a double spaced list? I just need ten.","Below is a prompt from a user to a language model. Does the prompt instruct or ask the model to provide writing assistance to the user? This includes prompts that ask or instruct the model to write a story, a speech, a paragraph, or other forms of text. It does not include prompts about paraphrasing, rewriting, summarising or translating text. Answer just yes or no.

Prompt: ""Could you give me a list of famous women superheroes, in a double spaced list? I just need ten.""
Answer:",No,llama3.1:70b
hhonline-5046,"I would like to know how to make vegetable chow mein, Chinese style.  Can you help me?","Below is a prompt from a user to a language model. Does the prompt instruct or ask the model to provide writing assistance to the user? This includes prompts that ask or instruct the model to write a story, a speech, a paragraph, or other forms of text. It does not include prompts about paraphrasing, rewriting, summarising or translating text. Answer just yes or no.

Prompt: ""I would like to know how to make vegetable chow mein, Chinese style. Can you help me?""
Answer:",No,llama3.1:70b
hhonline-5085,Christina Aguilera has such a strong voice. Can you name one or two of her hit songs?,"Below is a prompt from a user to a language model. Does the prompt instruct or ask the model to provide writing assistance to the user? This includes prompts that ask or instruct the model to write a story, a speech, a paragraph, or other forms of text. It does not include prompts about paraphrasing, rewriting, summarising or translating text. Answer just yes or no.

Prompt: ""Christina Aguilera has such a strong voice. Can you name one or two of her hit songs?""
Answer:",No,llama3.1:70b
hhonline-5091,What does versatility mean in terms of job skills?,"Below is a prompt from a user to a language model. Does the prompt instruct or ask the model to provide writing assistance to the user? This includes prompts that ask or instruct the model to write a story, a speech, a paragraph, or other forms of text. It does not include prompts about paraphrasing, rewriting, summarising or translating text. Answer just yes or no.

Prompt: ""What does versatility mean in terms of job skills?""
Answer:",No,llama3.1:70b
hhonline-5118,"Tiffany haddish is so talented. Can you tell me more about her series, Tuca and Birdie?","Below is a prompt from a user to a language model. Does the prompt instruct or ask the model to provide writing assistance to the user? This includes prompts that ask or instruct the model to write a story, a speech, a paragraph, or other forms of text. It does not include prompts about paraphrasing, rewriting, summarising or translating text. Answer just yes or no.

Prompt: ""Tiffany haddish is so talented. Can you tell me more about her series, Tuca and Birdie?""
Answer:",No,llama3.1:70b
hhonline-5134,Can you write a paragraph advocating for adoption to be a free process?,"Below is a prompt from a user to a language model. Does the prompt instruct or ask the model to provide writing assistance to the user? This includes prompts that ask or instruct the model to write a story, a speech, a paragraph, or other forms of text. It does not include prompts about paraphrasing, rewriting, summarising or translating text. Answer just yes or no.

Prompt: ""Can you write a paragraph advocating for adoption to be a free process?""
Answer:",Yes,llama3.1:70b
hhonline-5226,What are some crafts I can do with my child with Fruit Loops?,"Below is a prompt from a user to a language model. Does the prompt instruct or ask the model to provide writing assistance to the user? This includes prompts that ask or instruct the model to write a story, a speech, a paragraph, or other forms of text. It does not include prompts about paraphrasing, rewriting, summarising or translating text. Answer just yes or no.

Prompt: ""What are some crafts I can do with my child with Fruit Loops?""
Answer:",No,llama3.1:70b
hhonline-5253,What do I need to vote by mail in the US?,"Below is a prompt from a user to a language model. Does the prompt instruct or ask the model to provide writing assistance to the user? This includes prompts that ask or instruct the model to write a story, a speech, a paragraph, or other forms of text. It does not include prompts about paraphrasing, rewriting, summarising or translating text. Answer just yes or no.

Prompt: ""What do I need to vote by mail in the US?""
Answer:",No,llama3.1:70b
hhonline-5272,"I want to improve my active listening skills. Can you offer a few concise options for study, on how to improve this skill?","Below is a prompt from a user to a language model. Does the prompt instruct or ask the model to provide writing assistance to the user? This includes prompts that ask or instruct the model to write a story, a speech, a paragraph, or other forms of text. It does not include prompts about paraphrasing, rewriting, summarising or translating text. Answer just yes or no.

Prompt: ""I want to improve my active listening skills. Can you offer a few concise options for study, on how to improve this skill?""
Answer:",No,llama3.1:70b
hhonline-5352,Can you write a short story about a little boy that goes to the pet store to buy a goldfish with his father please? Make the boy six years old and named Anthony.,"Below is a prompt from a user to a language model. Does the prompt instruct or ask the model to provide writing assistance to the user? This includes prompts that ask or instruct the model to write a story, a speech, a paragraph, or other forms of text. It does not include prompts about paraphrasing, rewriting, summarising or translating text. Answer just yes or no.

Prompt: ""Can you write a short story about a little boy that goes to the pet store to buy a goldfish with his father please? Make the boy six years old and named Anthony.""
Answer:",Yes,llama3.1:70b
hhonline-5372,Compose your own poem about summertime.,"Below is a prompt from a user to a language model. Does the prompt instruct or ask the model to provide writing assistance to the user? This includes prompts that ask or instruct the model to write a story, a speech, a paragraph, or other forms of text. It does not include prompts about paraphrasing, rewriting, summarising or translating text. Answer just yes or no.

Prompt: ""Compose your own poem about summertime.""
Answer:",Yes,llama3.1:70b
hhonline-5376,"Can you write a bedtime story for a 6 year old girl that includes ponies, rainbows, candy, and fairies?","Below is a prompt from a user to a language model. Does the prompt instruct or ask the model to provide writing assistance to the user? This includes prompts that ask or instruct the model to write a story, a speech, a paragraph, or other forms of text. It does not include prompts about paraphrasing, rewriting, summarising or translating text. Answer just yes or no.

Prompt: ""Can you write a bedtime story for a 6 year old girl that includes ponies, rainbows, candy, and fairies?""
Answer:",Yes,llama3.1:70b
hhonline-5397,What are some generic costumes to buy for a child who likes to dress up?,"Below is a prompt from a user to a language model. Does the prompt instruct or ask the model to provide writing assistance to the user? This includes prompts that ask or instruct the model to write a story, a speech, a paragraph, or other forms of text. It does not include prompts about paraphrasing, rewriting, summarising or translating text. Answer just yes or no.

Prompt: ""What are some generic costumes to buy for a child who likes to dress up?""
Answer:",No,llama3.1:70b
hhonline-5461,How do you celebrate your own birthday?,"Below is a prompt from a user to a language model. Does the prompt instruct or ask the model to provide writing assistance to the user? This includes prompts that ask or instruct the model to write a story, a speech, a paragraph, or other forms of text. It does not include prompts about paraphrasing, rewriting, summarising or translating text. Answer just yes or no.

Prompt: ""How do you celebrate your own birthday?""
Answer:",No,llama3.1:70b
hhonline-5483,How does culture interrelate with politics?,"Below is a prompt from a user to a language model. Does the prompt instruct or ask the model to provide writing assistance to the user? This includes prompts that ask or instruct the model to write a story, a speech, a paragraph, or other forms of text. It does not include prompts about paraphrasing, rewriting, summarising or translating text. Answer just yes or no.

Prompt: ""How does culture interrelate with politics?""
Answer:",No,llama3.1:70b
hhonline-5487,What is your favorite beverage?,"Below is a prompt from a user to a language model. Does the prompt instruct or ask the model to provide writing assistance to the user? This includes prompts that ask or instruct the model to write a story, a speech, a paragraph, or other forms of text. It does not include prompts about paraphrasing, rewriting, summarising or translating text. Answer just yes or no.

Prompt: ""What is your favorite beverage?""
Answer:",No,llama3.1:70b
hhonline-5492,Can you write an introductory paragraph on why children should learn the art of public speaking from a young age?,"Below is a prompt from a user to a language model. Does the prompt instruct or ask the model to provide writing assistance to the user? This includes prompts that ask or instruct the model to write a story, a speech, a paragraph, or other forms of text. It does not include prompts about paraphrasing, rewriting, summarising or translating text. Answer just yes or no.

Prompt: ""Can you write an introductory paragraph on why children should learn the art of public speaking from a young age?""
Answer:",Yes,llama3.1:70b
hhonline-5577,What are some different modern styles of dance I could try as a beginner?,"Below is a prompt from a user to a language model. Does the prompt instruct or ask the model to provide writing assistance to the user? This includes prompts that ask or instruct the model to write a story, a speech, a paragraph, or other forms of text. It does not include prompts about paraphrasing, rewriting, summarising or translating text. Answer just yes or no.

Prompt: ""What are some different modern styles of dance I could try as a beginner?""
Answer:",No,llama3.1:70b
hhonline-5594,What is cultural appropriation?,"Below is a prompt from a user to a language model. Does the prompt instruct or ask the model to provide writing assistance to the user? This includes prompts that ask or instruct the model to write a story, a speech, a paragraph, or other forms of text. It does not include prompts about paraphrasing, rewriting, summarising or translating text. Answer just yes or no.

Prompt: ""What is cultural appropriation?""
Answer:",No,llama3.1:70b
hhonline-5623,"My best friend found out she was pregnant. It's early, so she doesn't know the gender yet. I want to get her a congratulations gift, but I'm not sure what to get her. I want to be supportive and be the best hype woman I can for her. What do you recommend?","Below is a prompt from a user to a language model. Does the prompt instruct or ask the model to provide writing assistance to the user? This includes prompts that ask or instruct the model to write a story, a speech, a paragraph, or other forms of text. It does not include prompts about paraphrasing, rewriting, summarising or translating text. Answer just yes or no.

Prompt: ""My best friend found out she was pregnant. It's early, so she doesn't know the gender yet. I want to get her a congratulations gift, but I'm not sure what to get her. I want to be supportive and be the best hype woman I can for her. What do you recommend?""
Answer:",No,llama3.1:70b
hhonline-5634,"As a parent, how can I help my child learn how to read?","Below is a prompt from a user to a language model. Does the prompt instruct or ask the model to provide writing assistance to the user? This includes prompts that ask or instruct the model to write a story, a speech, a paragraph, or other forms of text. It does not include prompts about paraphrasing, rewriting, summarising or translating text. Answer just yes or no.

Prompt: ""As a parent, how can I help my child learn how to read?""
Answer:",No,llama3.1:70b
hhonline-5772,Can you name 2 charities that try to help the environment?,"Below is a prompt from a user to a language model. Does the prompt instruct or ask the model to provide writing assistance to the user? This includes prompts that ask or instruct the model to write a story, a speech, a paragraph, or other forms of text. It does not include prompts about paraphrasing, rewriting, summarising or translating text. Answer just yes or no.

Prompt: ""Can you name 2 charities that try to help the environment?""
Answer:",No,llama3.1:70b
hhonline-5835,Can you tell me about the history of women's rights in America?,"Below is a prompt from a user to a language model. Does the prompt instruct or ask the model to provide writing assistance to the user? This includes prompts that ask or instruct the model to write a story, a speech, a paragraph, or other forms of text. It does not include prompts about paraphrasing, rewriting, summarising or translating text. Answer just yes or no.

Prompt: ""Can you tell me about the history of women's rights in America?""
Answer:",No,llama3.1:70b
hhonline-5848,Why is critical race theory controversial in schools?,"Below is a prompt from a user to a language model. Does the prompt instruct or ask the model to provide writing assistance to the user? This includes prompts that ask or instruct the model to write a story, a speech, a paragraph, or other forms of text. It does not include prompts about paraphrasing, rewriting, summarising or translating text. Answer just yes or no.

Prompt: ""Why is critical race theory controversial in schools?""
Answer:",No,llama3.1:70b
hhonline-5863,"Why should one engage in service-based activities (e.g., volunteer work or other heart-based activities)","Below is a prompt from a user to a language model. Does the prompt instruct or ask the model to provide writing assistance to the user? This includes prompts that ask or instruct the model to write a story, a speech, a paragraph, or other forms of text. It does not include prompts about paraphrasing, rewriting, summarising or translating text. Answer just yes or no.

Prompt: ""Why should one engage in service-based activities (e.g., volunteer work or other heart-based activities)""
Answer:",No,llama3.1:70b
hhonline-5877,What is pierogi and where does it come from?,"Below is a prompt from a user to a language model. Does the prompt instruct or ask the model to provide writing assistance to the user? This includes prompts that ask or instruct the model to write a story, a speech, a paragraph, or other forms of text. It does not include prompts about paraphrasing, rewriting, summarising or translating text. Answer just yes or no.

Prompt: ""What is pierogi and where does it come from?""
Answer:",No,llama3.1:70b
hhonline-5937,What are some things I should buy for my daughter who wants to take ballet classes?,"Below is a prompt from a user to a language model. Does the prompt instruct or ask the model to provide writing assistance to the user? This includes prompts that ask or instruct the model to write a story, a speech, a paragraph, or other forms of text. It does not include prompts about paraphrasing, rewriting, summarising or translating text. Answer just yes or no.

Prompt: ""What are some things I should buy for my daughter who wants to take ballet classes?""
Answer:",No,llama3.1:70b
hhonline-5960,Can you provide a paragraph advocating for teaching equity principles in secondary education?,"Below is a prompt from a user to a language model. Does the prompt instruct or ask the model to provide writing assistance to the user? This includes prompts that ask or instruct the model to write a story, a speech, a paragraph, or other forms of text. It does not include prompts about paraphrasing, rewriting, summarising or translating text. Answer just yes or no.

Prompt: ""Can you provide a paragraph advocating for teaching equity principles in secondary education?""
Answer:",Yes,llama3.1:70b
hhonline-5973,What are some good ideas for welcoming new neighbors?,"Below is a prompt from a user to a language model. Does the prompt instruct or ask the model to provide writing assistance to the user? This includes prompts that ask or instruct the model to write a story, a speech, a paragraph, or other forms of text. It does not include prompts about paraphrasing, rewriting, summarising or translating text. Answer just yes or no.

Prompt: ""What are some good ideas for welcoming new neighbors?""
Answer:",No,llama3.1:70b
hhonline-6003,How are kids raised to be bilingual? I don't understand how that works.,"Below is a prompt from a user to a language model. Does the prompt instruct or ask the model to provide writing assistance to the user? This includes prompts that ask or instruct the model to write a story, a speech, a paragraph, or other forms of text. It does not include prompts about paraphrasing, rewriting, summarising or translating text. Answer just yes or no.

Prompt: ""How are kids raised to be bilingual? I don't understand how that works.""
Answer:",No,llama3.1:70b
hhonline-6023,Is mini golf fun for kid's?,"Below is a prompt from a user to a language model. Does the prompt instruct or ask the model to provide writing assistance to the user? This includes prompts that ask or instruct the model to write a story, a speech, a paragraph, or other forms of text. It does not include prompts about paraphrasing, rewriting, summarising or translating text. Answer just yes or no.

Prompt: ""Is mini golf fun for kid's?""
Answer:",No,llama3.1:70b
hhonline-6091,How can I make new friends?,"Below is a prompt from a user to a language model. Does the prompt instruct or ask the model to provide writing assistance to the user? This includes prompts that ask or instruct the model to write a story, a speech, a paragraph, or other forms of text. It does not include prompts about paraphrasing, rewriting, summarising or translating text. Answer just yes or no.

Prompt: ""How can I make new friends?""
Answer:",No,llama3.1:70b
hhonline-6098,"Hello, I need help teaching my second-grader to write a persuasive essay, how do I go about doing this?","Below is a prompt from a user to a language model. Does the prompt instruct or ask the model to provide writing assistance to the user? This includes prompts that ask or instruct the model to write a story, a speech, a paragraph, or other forms of text. It does not include prompts about paraphrasing, rewriting, summarising or translating text. Answer just yes or no.

Prompt: ""Hello, I need help teaching my second-grader to write a persuasive essay, how do I go about doing this?""
Answer:",No,llama3.1:70b
hhonline-6109,How do I become a better listener?,"Below is a prompt from a user to a language model. Does the prompt instruct or ask the model to provide writing assistance to the user? This includes prompts that ask or instruct the model to write a story, a speech, a paragraph, or other forms of text. It does not include prompts about paraphrasing, rewriting, summarising or translating text. Answer just yes or no.

Prompt: ""How do I become a better listener?""
Answer:",No,llama3.1:70b
hhonline-6123,I'm thinking of a name for a girls' soccer team. Can you help me think of some?,"Below is a prompt from a user to a language model. Does the prompt instruct or ask the model to provide writing assistance to the user? This includes prompts that ask or instruct the model to write a story, a speech, a paragraph, or other forms of text. It does not include prompts about paraphrasing, rewriting, summarising or translating text. Answer just yes or no.

Prompt: ""I'm thinking of a name for a girls' soccer team. Can you help me think of some?""
Answer:",No,llama3.1:70b
hhonline-6212,How can I cheer my friend up that is having a bad day?,"Below is a prompt from a user to a language model. Does the prompt instruct or ask the model to provide writing assistance to the user? This includes prompts that ask or instruct the model to write a story, a speech, a paragraph, or other forms of text. It does not include prompts about paraphrasing, rewriting, summarising or translating text. Answer just yes or no.

Prompt: ""How can I cheer my friend up that is having a bad day?""
Answer:",No,llama3.1:70b
hhonline-6215,Which nations or peoples speak Gaelic?,"Below is a prompt from a user to a language model. Does the prompt instruct or ask the model to provide writing assistance to the user? This includes prompts that ask or instruct the model to write a story, a speech, a paragraph, or other forms of text. It does not include prompts about paraphrasing, rewriting, summarising or translating text. Answer just yes or no.

Prompt: ""Which nations or peoples speak Gaelic?""
Answer:",No,llama3.1:70b
hhonline-6239,I would like to know the history of the Statue of Liberty.  Can you help me?,"Below is a prompt from a user to a language model. Does the prompt instruct or ask the model to provide writing assistance to the user? This includes prompts that ask or instruct the model to write a story, a speech, a paragraph, or other forms of text. It does not include prompts about paraphrasing, rewriting, summarising or translating text. Answer just yes or no.

Prompt: ""I would like to know the history of the Statue of Liberty. Can you help me?""
Answer:",No,llama3.1:70b
hhonline-6241,Why are plant based meat better for the environment?,"Below is a prompt from a user to a language model. Does the prompt instruct or ask the model to provide writing assistance to the user? This includes prompts that ask or instruct the model to write a story, a speech, a paragraph, or other forms of text. It does not include prompts about paraphrasing, rewriting, summarising or translating text. Answer just yes or no.

Prompt: ""Why are plant based meat better for the environment?""
Answer:",No,llama3.1:70b
hhonline-6317,"What is the following article about?   Martin Luther King, Jr., original name Michael King, Jr., (born January 15, 1929, Atlanta, Georgia, U.S.—died April 4, 1968, Memphis, Tennessee), Baptist minister and social activist who led the civil rights movement in the United States from the mid-1950s until his death by assassination in 1968. His leadership was fundamental to that movement’s success in ending the legal segregation of African Americans in the South and other parts of the United States. King rose to national prominence as head of the Southern Christian Leadership Conference, which promoted nonviolent tactics, such as the massive March on Washington (1963), to achieve civil rights. He was awarded the Nobel Peace Prize in 1964.","Below is a prompt from a user to a language model. Does the prompt instruct or ask the model to provide writing assistance to the user? This includes prompts that ask or instruct the model to write a story, a speech, a paragraph, or other forms of text. It does not include prompts about paraphrasing, rewriting, summarising or translating text. Answer just yes or no.

Prompt: ""What is the following article about? Martin Luther King, Jr., original name Michael King, Jr., (born January 15, 1929, Atlanta, Georgia, U.S.—died April 4, 1968, Memphis, Tennessee), Baptist minister and social activist who led the civil rights movement in the United States from the mid-1950s until his death by assassination in 1968. His leadership was fundamental to that movement’s success in ending the legal segregation of African Americans in the South and other parts of the United States. King rose to national prominence as head of the Southern Christian Leadership Conference, which promoted nonviolent tactics, such as the massive March on Washington (1963), to achieve civil rights. He was awarded the Nobel Peace Prize in 1964.""
Answer:",No,llama3.1:70b
hhonline-6376,Can you provide a paragraph advocating for free community college for all?,"Below is a prompt from a user to a language model. Does the prompt instruct or ask the model to provide writing assistance to the user? This includes prompts that ask or instruct the model to write a story, a speech, a paragraph, or other forms of text. It does not include prompts about paraphrasing, rewriting, summarising or translating text. Answer just yes or no.

Prompt: ""Can you provide a paragraph advocating for free community college for all?""
Answer:",Yes,llama3.1:70b
hhonline-6380,Make an argument for Twitter healing the rifts in society.,"Below is a prompt from a user to a language model. Does the prompt instruct or ask the model to provide writing assistance to the user? This includes prompts that ask or instruct the model to write a story, a speech, a paragraph, or other forms of text. It does not include prompts about paraphrasing, rewriting, summarising or translating text. Answer just yes or no.

Prompt: ""Make an argument for Twitter healing the rifts in society.""
Answer:",Yes,llama3.1:70b
hhonline-6405,What are some of your family traditions that you do?,"Below is a prompt from a user to a language model. Does the prompt instruct or ask the model to provide writing assistance to the user? This includes prompts that ask or instruct the model to write a story, a speech, a paragraph, or other forms of text. It does not include prompts about paraphrasing, rewriting, summarising or translating text. Answer just yes or no.

Prompt: ""What are some of your family traditions that you do?""
Answer:",No,llama3.1:70b
hhonline-6448,How can i get my children to love reading?,"Below is a prompt from a user to a language model. Does the prompt instruct or ask the model to provide writing assistance to the user? This includes prompts that ask or instruct the model to write a story, a speech, a paragraph, or other forms of text. It does not include prompts about paraphrasing, rewriting, summarising or translating text. Answer just yes or no.

Prompt: ""How can i get my children to love reading?""
Answer:",No,llama3.1:70b
hhonline-6449,What are the goals of STEM education?,"Below is a prompt from a user to a language model. Does the prompt instruct or ask the model to provide writing assistance to the user? This includes prompts that ask or instruct the model to write a story, a speech, a paragraph, or other forms of text. It does not include prompts about paraphrasing, rewriting, summarising or translating text. Answer just yes or no.

Prompt: ""What are the goals of STEM education?""
Answer:",No,llama3.1:70b
hhonline-6464,Why do we have an international women's day?,"Below is a prompt from a user to a language model. Does the prompt instruct or ask the model to provide writing assistance to the user? This includes prompts that ask or instruct the model to write a story, a speech, a paragraph, or other forms of text. It does not include prompts about paraphrasing, rewriting, summarising or translating text. Answer just yes or no.

Prompt: ""Why do we have an international women's day?""
Answer:",No,llama3.1:70b
hhonline-6503,What is the best way to get your young child social skills?,"Below is a prompt from a user to a language model. Does the prompt instruct or ask the model to provide writing assistance to the user? This includes prompts that ask or instruct the model to write a story, a speech, a paragraph, or other forms of text. It does not include prompts about paraphrasing, rewriting, summarising or translating text. Answer just yes or no.

Prompt: ""What is the best way to get your young child social skills?""
Answer:",No,llama3.1:70b
hhonline-6518,How can I support a friend who is going through a tough time?,"Below is a prompt from a user to a language model. Does the prompt instruct or ask the model to provide writing assistance to the user? This includes prompts that ask or instruct the model to write a story, a speech, a paragraph, or other forms of text. It does not include prompts about paraphrasing, rewriting, summarising or translating text. Answer just yes or no.

Prompt: ""How can I support a friend who is going through a tough time?""
Answer:",No,llama3.1:70b
hhonline-6571,How do I make an Asian style peanut sauce?,"Below is a prompt from a user to a language model. Does the prompt instruct or ask the model to provide writing assistance to the user? This includes prompts that ask or instruct the model to write a story, a speech, a paragraph, or other forms of text. It does not include prompts about paraphrasing, rewriting, summarising or translating text. Answer just yes or no.

Prompt: ""How do I make an Asian style peanut sauce?""
Answer:",No,llama3.1:70b
hhonline-6617,Let's write a story together! Write me a paragraph about a boy that is going out to fly a kite!,"Below is a prompt from a user to a language model. Does the prompt instruct or ask the model to provide writing assistance to the user? This includes prompts that ask or instruct the model to write a story, a speech, a paragraph, or other forms of text. It does not include prompts about paraphrasing, rewriting, summarising or translating text. Answer just yes or no.

Prompt: ""Let's write a story together! Write me a paragraph about a boy that is going out to fly a kite!""
Answer:",Yes,llama3.1:70b
hhonline-6624,What does the q stand for in LGTBQ?,"Below is a prompt from a user to a language model. Does the prompt instruct or ask the model to provide writing assistance to the user? This includes prompts that ask or instruct the model to write a story, a speech, a paragraph, or other forms of text. It does not include prompts about paraphrasing, rewriting, summarising or translating text. Answer just yes or no.

Prompt: ""What does the q stand for in LGTBQ?""
Answer:",No,llama3.1:70b
hhonline-6738,Do you believe religious or secular societies are more successful?,"Below is a prompt from a user to a language model. Does the prompt instruct or ask the model to provide writing assistance to the user? This includes prompts that ask or instruct the model to write a story, a speech, a paragraph, or other forms of text. It does not include prompts about paraphrasing, rewriting, summarising or translating text. Answer just yes or no.

Prompt: ""Do you believe religious or secular societies are more successful?""
Answer:",No,llama3.1:70b
hhonline-6813,Can you name some traditional Mexican food for me to try?,"Below is a prompt from a user to a language model. Does the prompt instruct or ask the model to provide writing assistance to the user? This includes prompts that ask or instruct the model to write a story, a speech, a paragraph, or other forms of text. It does not include prompts about paraphrasing, rewriting, summarising or translating text. Answer just yes or no.

Prompt: ""Can you name some traditional Mexican food for me to try?""
Answer:",No,llama3.1:70b
hhonline-6839,Can you explain to me what people mean about 'the wage gap'?,"Below is a prompt from a user to a language model. Does the prompt instruct or ask the model to provide writing assistance to the user? This includes prompts that ask or instruct the model to write a story, a speech, a paragraph, or other forms of text. It does not include prompts about paraphrasing, rewriting, summarising or translating text. Answer just yes or no.

Prompt: ""Can you explain to me what people mean about 'the wage gap'?""
Answer:",No,llama3.1:70b
hhonline-6957,I would like to know more about Finland.  Can you help me?,"Below is a prompt from a user to a language model. Does the prompt instruct or ask the model to provide writing assistance to the user? This includes prompts that ask or instruct the model to write a story, a speech, a paragraph, or other forms of text. It does not include prompts about paraphrasing, rewriting, summarising or translating text. Answer just yes or no.

Prompt: ""I would like to know more about Finland. Can you help me?""
Answer:",No,llama3.1:70b
hhonline-7001,What are some easy ways I can improve my life and wellbeing?,"Below is a prompt from a user to a language model. Does the prompt instruct or ask the model to provide writing assistance to the user? This includes prompts that ask or instruct the model to write a story, a speech, a paragraph, or other forms of text. It does not include prompts about paraphrasing, rewriting, summarising or translating text. Answer just yes or no.

Prompt: ""What are some easy ways I can improve my life and wellbeing?""
Answer:",No,llama3.1:70b
hhonline-7033,Can you learn a musical instrument as a adult?,"Below is a prompt from a user to a language model. Does the prompt instruct or ask the model to provide writing assistance to the user? This includes prompts that ask or instruct the model to write a story, a speech, a paragraph, or other forms of text. It does not include prompts about paraphrasing, rewriting, summarising or translating text. Answer just yes or no.

Prompt: ""Can you learn a musical instrument as a adult?""
Answer:",No,llama3.1:70b
hhonline-7056,Can you provide me with a paragraph advocating for free universal preschool?,"Below is a prompt from a user to a language model. Does the prompt instruct or ask the model to provide writing assistance to the user? This includes prompts that ask or instruct the model to write a story, a speech, a paragraph, or other forms of text. It does not include prompts about paraphrasing, rewriting, summarising or translating text. Answer just yes or no.

Prompt: ""Can you provide me with a paragraph advocating for free universal preschool?""
Answer:",Yes,llama3.1:70b
hhonline-7106,How to apply for a job? What are the steps that have to be taken in order to get a job?,"Below is a prompt from a user to a language model. Does the prompt instruct or ask the model to provide writing assistance to the user? This includes prompts that ask or instruct the model to write a story, a speech, a paragraph, or other forms of text. It does not include prompts about paraphrasing, rewriting, summarising or translating text. Answer just yes or no.

Prompt: ""How to apply for a job? What are the steps that have to be taken in order to get a job?""
Answer:",No,llama3.1:70b
hhonline-7139,How can I teach my daughter to read music?,"Below is a prompt from a user to a language model. Does the prompt instruct or ask the model to provide writing assistance to the user? This includes prompts that ask or instruct the model to write a story, a speech, a paragraph, or other forms of text. It does not include prompts about paraphrasing, rewriting, summarising or translating text. Answer just yes or no.

Prompt: ""How can I teach my daughter to read music?""
Answer:",No,llama3.1:70b
hhonline-7167,How can I repurpose my childrens' old clothing?,"Below is a prompt from a user to a language model. Does the prompt instruct or ask the model to provide writing assistance to the user? This includes prompts that ask or instruct the model to write a story, a speech, a paragraph, or other forms of text. It does not include prompts about paraphrasing, rewriting, summarising or translating text. Answer just yes or no.

Prompt: ""How can I repurpose my childrens' old clothing?""
Answer:",No,llama3.1:70b
hhonline-7178,How do you boost someone's self esteem?,"Below is a prompt from a user to a language model. Does the prompt instruct or ask the model to provide writing assistance to the user? This includes prompts that ask or instruct the model to write a story, a speech, a paragraph, or other forms of text. It does not include prompts about paraphrasing, rewriting, summarising or translating text. Answer just yes or no.

Prompt: ""How do you boost someone's self esteem?""
Answer:",No,llama3.1:70b
hhonline-7236,Why did government broadcasts begin mandating sign language translators?,"Below is a prompt from a user to a language model. Does the prompt instruct or ask the model to provide writing assistance to the user? This includes prompts that ask or instruct the model to write a story, a speech, a paragraph, or other forms of text. It does not include prompts about paraphrasing, rewriting, summarising or translating text. Answer just yes or no.

Prompt: ""Why did government broadcasts begin mandating sign language translators?""
Answer:",No,llama3.1:70b
hhonline-7292,Please help me make a lesson plan for grade school children. The topic should be colors.,"Below is a prompt from a user to a language model. Does the prompt instruct or ask the model to provide writing assistance to the user? This includes prompts that ask or instruct the model to write a story, a speech, a paragraph, or other forms of text. It does not include prompts about paraphrasing, rewriting, summarising or translating text. Answer just yes or no.

Prompt: ""Please help me make a lesson plan for grade school children. The topic should be colors.""
Answer:",No,llama3.1:70b
hhonline-7308,"What is the ""body positivity"" movement?","Below is a prompt from a user to a language model. Does the prompt instruct or ask the model to provide writing assistance to the user? This includes prompts that ask or instruct the model to write a story, a speech, a paragraph, or other forms of text. It does not include prompts about paraphrasing, rewriting, summarising or translating text. Answer just yes or no.

Prompt: ""What is the ""body positivity"" movement?""
Answer:",No,llama3.1:70b
hhonline-7318,Can you tell me the requirements to become a registered nurse?,"Below is a prompt from a user to a language model. Does the prompt instruct or ask the model to provide writing assistance to the user? This includes prompts that ask or instruct the model to write a story, a speech, a paragraph, or other forms of text. It does not include prompts about paraphrasing, rewriting, summarising or translating text. Answer just yes or no.

Prompt: ""Can you tell me the requirements to become a registered nurse?""
Answer:",No,llama3.1:70b
hhonline-7319,What are some good bedtime stories for children?,"Below is a prompt from a user to a language model. Does the prompt instruct or ask the model to provide writing assistance to the user? This includes prompts that ask or instruct the model to write a story, a speech, a paragraph, or other forms of text. It does not include prompts about paraphrasing, rewriting, summarising or translating text. Answer just yes or no.

Prompt: ""What are some good bedtime stories for children?""
Answer:",No,llama3.1:70b
hhonline-7373,How to create a resume,"Below is a prompt from a user to a language model. Does the prompt instruct or ask the model to provide writing assistance to the user? This includes prompts that ask or instruct the model to write a story, a speech, a paragraph, or other forms of text. It does not include prompts about paraphrasing, rewriting, summarising or translating text. Answer just yes or no.

Prompt: ""How to create a resume""
Answer:",No,llama3.1:70b
hhonline-7475,"What can you tell me about the female, Latina singer Shakira?","Below is a prompt from a user to a language model. Does the prompt instruct or ask the model to provide writing assistance to the user? This includes prompts that ask or instruct the model to write a story, a speech, a paragraph, or other forms of text. It does not include prompts about paraphrasing, rewriting, summarising or translating text. Answer just yes or no.

Prompt: ""What can you tell me about the female, Latina singer Shakira?""
Answer:",No,llama3.1:70b
hhonline-7526,Can you provide 5 things you can do to show someone you care?,"Below is a prompt from a user to a language model. Does the prompt instruct or ask the model to provide writing assistance to the user? This includes prompts that ask or instruct the model to write a story, a speech, a paragraph, or other forms of text. It does not include prompts about paraphrasing, rewriting, summarising or translating text. Answer just yes or no.

Prompt: ""Can you provide 5 things you can do to show someone you care?""
Answer:",No,llama3.1:70b
hhonline-7589,Is it true that ancient Nubia had women warriors?,"Below is a prompt from a user to a language model. Does the prompt instruct or ask the model to provide writing assistance to the user? This includes prompts that ask or instruct the model to write a story, a speech, a paragraph, or other forms of text. It does not include prompts about paraphrasing, rewriting, summarising or translating text. Answer just yes or no.

Prompt: ""Is it true that ancient Nubia had women warriors?""
Answer:",No,llama3.1:70b
hhonline-7592,"In Julius Caesar's time, their views on sexuality between adult men, and Younger adult men, were different. Gay and homosexual relationships seem to be more culturally discussed. Can you expound on this, 100 words or less please?","Below is a prompt from a user to a language model. Does the prompt instruct or ask the model to provide writing assistance to the user? This includes prompts that ask or instruct the model to write a story, a speech, a paragraph, or other forms of text. It does not include prompts about paraphrasing, rewriting, summarising or translating text. Answer just yes or no.

Prompt: ""In Julius Caesar's time, their views on sexuality between adult men, and Younger adult men, were different. Gay and homosexual relationships seem to be more culturally discussed. Can you expound on this, 100 words or less please?""
Answer:",No,llama3.1:70b
hhonline-7691,"If I think abortion is common sense for women's health, but someone else thinks that banning abortion is common sense for religious reasons, which one is actually ""common sense""??","Below is a prompt from a user to a language model. Does the prompt instruct or ask the model to provide writing assistance to the user? This includes prompts that ask or instruct the model to write a story, a speech, a paragraph, or other forms of text. It does not include prompts about paraphrasing, rewriting, summarising or translating text. Answer just yes or no.

Prompt: ""If I think abortion is common sense for women's health, but someone else thinks that banning abortion is common sense for religious reasons, which one is actually ""common sense""??""
Answer:",No,llama3.1:70b
hhonline-7743,What is cooperative learning?,"Below is a prompt from a user to a language model. Does the prompt instruct or ask the model to provide writing assistance to the user? This includes prompts that ask or instruct the model to write a story, a speech, a paragraph, or other forms of text. It does not include prompts about paraphrasing, rewriting, summarising or translating text. Answer just yes or no.

Prompt: ""What is cooperative learning?""
Answer:",No,llama3.1:70b
hhonline-7783,What are some fun songs I can teach the kids at preschool?,"Below is a prompt from a user to a language model. Does the prompt instruct or ask the model to provide writing assistance to the user? This includes prompts that ask or instruct the model to write a story, a speech, a paragraph, or other forms of text. It does not include prompts about paraphrasing, rewriting, summarising or translating text. Answer just yes or no.

Prompt: ""What are some fun songs I can teach the kids at preschool?""
Answer:",No,llama3.1:70b
hhonline-7794,Can you help me learn how to grow vegetables in a garden?,"Below is a prompt from a user to a language model. Does the prompt instruct or ask the model to provide writing assistance to the user? This includes prompts that ask or instruct the model to write a story, a speech, a paragraph, or other forms of text. It does not include prompts about paraphrasing, rewriting, summarising or translating text. Answer just yes or no.

Prompt: ""Can you help me learn how to grow vegetables in a garden?""
Answer:",No,llama3.1:70b
hhonline-7818,Have you heard of Disney's Encanto?,"Below is a prompt from a user to a language model. Does the prompt instruct or ask the model to provide writing assistance to the user? This includes prompts that ask or instruct the model to write a story, a speech, a paragraph, or other forms of text. It does not include prompts about paraphrasing, rewriting, summarising or translating text. Answer just yes or no.

Prompt: ""Have you heard of Disney's Encanto?""
Answer:",No,llama3.1:70b
hhonline-8008,Do you believe in euthanasia?,"Below is a prompt from a user to a language model. Does the prompt instruct or ask the model to provide writing assistance to the user? This includes prompts that ask or instruct the model to write a story, a speech, a paragraph, or other forms of text. It does not include prompts about paraphrasing, rewriting, summarising or translating text. Answer just yes or no.

Prompt: ""Do you believe in euthanasia?""
Answer:",No,llama3.1:70b
hhonline-8033,Which cultures burn incenses as an offering to deities and ancestors?,"Below is a prompt from a user to a language model. Does the prompt instruct or ask the model to provide writing assistance to the user? This includes prompts that ask or instruct the model to write a story, a speech, a paragraph, or other forms of text. It does not include prompts about paraphrasing, rewriting, summarising or translating text. Answer just yes or no.

Prompt: ""Which cultures burn incenses as an offering to deities and ancestors?""
Answer:",No,llama3.1:70b
hhonline-8034,Can you write a paragraph advocating for doing away with mandatory minimum sentencing practices?,"Below is a prompt from a user to a language model. Does the prompt instruct or ask the model to provide writing assistance to the user? This includes prompts that ask or instruct the model to write a story, a speech, a paragraph, or other forms of text. It does not include prompts about paraphrasing, rewriting, summarising or translating text. Answer just yes or no.

Prompt: ""Can you write a paragraph advocating for doing away with mandatory minimum sentencing practices?""
Answer:",Yes,llama3.1:70b
hhonline-8041,What are some different kinds of dance I can introduce my toddler to?,"Below is a prompt from a user to a language model. Does the prompt instruct or ask the model to provide writing assistance to the user? This includes prompts that ask or instruct the model to write a story, a speech, a paragraph, or other forms of text. It does not include prompts about paraphrasing, rewriting, summarising or translating text. Answer just yes or no.

Prompt: ""What are some different kinds of dance I can introduce my toddler to?""
Answer:",No,llama3.1:70b
hhonline-8058,How can I encourage a stubborn friend to examine things from multiple perspectives?,"Below is a prompt from a user to a language model. Does the prompt instruct or ask the model to provide writing assistance to the user? This includes prompts that ask or instruct the model to write a story, a speech, a paragraph, or other forms of text. It does not include prompts about paraphrasing, rewriting, summarising or translating text. Answer just yes or no.

Prompt: ""How can I encourage a stubborn friend to examine things from multiple perspectives?""
Answer:",No,llama3.1:70b
hhonline-8064,I would like to know the history of Jambalaya.  Can you tell me about it?,"Below is a prompt from a user to a language model. Does the prompt instruct or ask the model to provide writing assistance to the user? This includes prompts that ask or instruct the model to write a story, a speech, a paragraph, or other forms of text. It does not include prompts about paraphrasing, rewriting, summarising or translating text. Answer just yes or no.

Prompt: ""I would like to know the history of Jambalaya. Can you tell me about it?""
Answer:",No,llama3.1:70b
hhonline-8111,Can you write me a short story about a dog and a cat being friendly with each other?,"Below is a prompt from a user to a language model. Does the prompt instruct or ask the model to provide writing assistance to the user? This includes prompts that ask or instruct the model to write a story, a speech, a paragraph, or other forms of text. It does not include prompts about paraphrasing, rewriting, summarising or translating text. Answer just yes or no.

Prompt: ""Can you write me a short story about a dog and a cat being friendly with each other?""
Answer:",Yes,llama3.1:70b
hhonline-8176,Why was the Aunt Jemima logo seen as insensitive recently?,"Below is a prompt from a user to a language model. Does the prompt instruct or ask the model to provide writing assistance to the user? This includes prompts that ask or instruct the model to write a story, a speech, a paragraph, or other forms of text. It does not include prompts about paraphrasing, rewriting, summarising or translating text. Answer just yes or no.

Prompt: ""Why was the Aunt Jemima logo seen as insensitive recently?""
Answer:",No,llama3.1:70b
hhonline-8206,How do you overcome adversity the best you can?,"Below is a prompt from a user to a language model. Does the prompt instruct or ask the model to provide writing assistance to the user? This includes prompts that ask or instruct the model to write a story, a speech, a paragraph, or other forms of text. It does not include prompts about paraphrasing, rewriting, summarising or translating text. Answer just yes or no.

Prompt: ""How do you overcome adversity the best you can?""
Answer:",No,llama3.1:70b
hhonline-8214,I would like to know more about Latvia.  Can you help me?,"Below is a prompt from a user to a language model. Does the prompt instruct or ask the model to provide writing assistance to the user? This includes prompts that ask or instruct the model to write a story, a speech, a paragraph, or other forms of text. It does not include prompts about paraphrasing, rewriting, summarising or translating text. Answer just yes or no.

Prompt: ""I would like to know more about Latvia. Can you help me?""
Answer:",No,llama3.1:70b
hhonline-8231,Do you think visible tattoos are appropriate for a white collar setting?,"Below is a prompt from a user to a language model. Does the prompt instruct or ask the model to provide writing assistance to the user? This includes prompts that ask or instruct the model to write a story, a speech, a paragraph, or other forms of text. It does not include prompts about paraphrasing, rewriting, summarising or translating text. Answer just yes or no.

Prompt: ""Do you think visible tattoos are appropriate for a white collar setting?""
Answer:",No,llama3.1:70b
hhonline-8261,Who are the Australian aboriginals?,"Below is a prompt from a user to a language model. Does the prompt instruct or ask the model to provide writing assistance to the user? This includes prompts that ask or instruct the model to write a story, a speech, a paragraph, or other forms of text. It does not include prompts about paraphrasing, rewriting, summarising or translating text. Answer just yes or no.

Prompt: ""Who are the Australian aboriginals?""
Answer:",No,llama3.1:70b
hhonline-8269,Do pregnant women need a special diet?,"Below is a prompt from a user to a language model. Does the prompt instruct or ask the model to provide writing assistance to the user? This includes prompts that ask or instruct the model to write a story, a speech, a paragraph, or other forms of text. It does not include prompts about paraphrasing, rewriting, summarising or translating text. Answer just yes or no.

Prompt: ""Do pregnant women need a special diet?""
Answer:",No,llama3.1:70b
hhonline-8422,Could you give me a list of women superheroes in reverse alphabetical order?,"Below is a prompt from a user to a language model. Does the prompt instruct or ask the model to provide writing assistance to the user? This includes prompts that ask or instruct the model to write a story, a speech, a paragraph, or other forms of text. It does not include prompts about paraphrasing, rewriting, summarising or translating text. Answer just yes or no.

Prompt: ""Could you give me a list of women superheroes in reverse alphabetical order?""
Answer:",No,llama3.1:70b
hhonline-8441,Can you give me a list of positive attributes for productivity and goal achievement?,"Below is a prompt from a user to a language model. Does the prompt instruct or ask the model to provide writing assistance to the user? This includes prompts that ask or instruct the model to write a story, a speech, a paragraph, or other forms of text. It does not include prompts about paraphrasing, rewriting, summarising or translating text. Answer just yes or no.

Prompt: ""Can you give me a list of positive attributes for productivity and goal achievement?""
Answer:",No,llama3.1:70b
hhonline-8451,What are some strategies I could use to teacher my 4 year old how to read?,"Below is a prompt from a user to a language model. Does the prompt instruct or ask the model to provide writing assistance to the user? This includes prompts that ask or instruct the model to write a story, a speech, a paragraph, or other forms of text. It does not include prompts about paraphrasing, rewriting, summarising or translating text. Answer just yes or no.

Prompt: ""What are some strategies I could use to teacher my 4 year old how to read?""
Answer:",No,llama3.1:70b
hhonline-8468,What are some ways to promote diversity and inclusivity in the workplace?,"Below is a prompt from a user to a language model. Does the prompt instruct or ask the model to provide writing assistance to the user? This includes prompts that ask or instruct the model to write a story, a speech, a paragraph, or other forms of text. It does not include prompts about paraphrasing, rewriting, summarising or translating text. Answer just yes or no.

Prompt: ""What are some ways to promote diversity and inclusivity in the workplace?""
Answer:",No,llama3.1:70b
hhonline-8631,I would like to know about Mardi Grass.  Can you tell me about it?,"Below is a prompt from a user to a language model. Does the prompt instruct or ask the model to provide writing assistance to the user? This includes prompts that ask or instruct the model to write a story, a speech, a paragraph, or other forms of text. It does not include prompts about paraphrasing, rewriting, summarising or translating text. Answer just yes or no.

Prompt: ""I would like to know about Mardi Grass. Can you tell me about it?""
Answer:",No,llama3.1:70b
hhonline-8709,What are some exercises I can do if I'm in a wheelchair?,"Below is a prompt from a user to a language model. Does the prompt instruct or ask the model to provide writing assistance to the user? This includes prompts that ask or instruct the model to write a story, a speech, a paragraph, or other forms of text. It does not include prompts about paraphrasing, rewriting, summarising or translating text. Answer just yes or no.

Prompt: ""What are some exercises I can do if I'm in a wheelchair?""
Answer:",No,llama3.1:70b
hhonline-8840,What is the best way to help the homeless?,"Below is a prompt from a user to a language model. Does the prompt instruct or ask the model to provide writing assistance to the user? This includes prompts that ask or instruct the model to write a story, a speech, a paragraph, or other forms of text. It does not include prompts about paraphrasing, rewriting, summarising or translating text. Answer just yes or no.

Prompt: ""What is the best way to help the homeless?""
Answer:",No,llama3.1:70b
hhonline-8875,How can I encourage my baby to fingerpaint?,"Below is a prompt from a user to a language model. Does the prompt instruct or ask the model to provide writing assistance to the user? This includes prompts that ask or instruct the model to write a story, a speech, a paragraph, or other forms of text. It does not include prompts about paraphrasing, rewriting, summarising or translating text. Answer just yes or no.

Prompt: ""How can I encourage my baby to fingerpaint?""
Answer:",No,llama3.1:70b
hhonline-8995,How can I support children who are hungry in my neighborhood?,"Below is a prompt from a user to a language model. Does the prompt instruct or ask the model to provide writing assistance to the user? This includes prompts that ask or instruct the model to write a story, a speech, a paragraph, or other forms of text. It does not include prompts about paraphrasing, rewriting, summarising or translating text. Answer just yes or no.

Prompt: ""How can I support children who are hungry in my neighborhood?""
Answer:",No,llama3.1:70b
hhonline-9095,My child wants to learn about astronomy. How can we start?,"Below is a prompt from a user to a language model. Does the prompt instruct or ask the model to provide writing assistance to the user? This includes prompts that ask or instruct the model to write a story, a speech, a paragraph, or other forms of text. It does not include prompts about paraphrasing, rewriting, summarising or translating text. Answer just yes or no.

Prompt: ""My child wants to learn about astronomy. How can we start?""
Answer:",No,llama3.1:70b
hhonline-9201,Can you explain the process for becoming a US citizen?,"Below is a prompt from a user to a language model. Does the prompt instruct or ask the model to provide writing assistance to the user? This includes prompts that ask or instruct the model to write a story, a speech, a paragraph, or other forms of text. It does not include prompts about paraphrasing, rewriting, summarising or translating text. Answer just yes or no.

Prompt: ""Can you explain the process for becoming a US citizen?""
Answer:",No,llama3.1:70b
hhonline-9247,I would like to know more about Moldova.  Can you tell me about it?,"Below is a prompt from a user to a language model. Does the prompt instruct or ask the model to provide writing assistance to the user? This includes prompts that ask or instruct the model to write a story, a speech, a paragraph, or other forms of text. It does not include prompts about paraphrasing, rewriting, summarising or translating text. Answer just yes or no.

Prompt: ""I would like to know more about Moldova. Can you tell me about it?""
Answer:",No,llama3.1:70b
hhonline-9516,What can yo tell me about the life of Martin Luther King,"Below is a prompt from a user to a language model. Does the prompt instruct or ask the model to provide writing assistance to the user? This includes prompts that ask or instruct the model to write a story, a speech, a paragraph, or other forms of text. It does not include prompts about paraphrasing, rewriting, summarising or translating text. Answer just yes or no.

Prompt: ""What can yo tell me about the life of Martin Luther King""
Answer:",No,llama3.1:70b
hhonline-9564,What's a good way to teach children about sharing?,"Below is a prompt from a user to a language model. Does the prompt instruct or ask the model to provide writing assistance to the user? This includes prompts that ask or instruct the model to write a story, a speech, a paragraph, or other forms of text. It does not include prompts about paraphrasing, rewriting, summarising or translating text. Answer just yes or no.

Prompt: ""What's a good way to teach children about sharing?""
Answer:",No,llama3.1:70b
hhonline-9581,I would like to know more about Malaysian food.  Is it similar to Chinese food?,"Below is a prompt from a user to a language model. Does the prompt instruct or ask the model to provide writing assistance to the user? This includes prompts that ask or instruct the model to write a story, a speech, a paragraph, or other forms of text. It does not include prompts about paraphrasing, rewriting, summarising or translating text. Answer just yes or no.

Prompt: ""I would like to know more about Malaysian food. Is it similar to Chinese food?""
Answer:",No,llama3.1:70b
hhonline-9595,Can you write me a story about a family having fun at the beach?,"Below is a prompt from a user to a language model. Does the prompt instruct or ask the model to provide writing assistance to the user? This includes prompts that ask or instruct the model to write a story, a speech, a paragraph, or other forms of text. It does not include prompts about paraphrasing, rewriting, summarising or translating text. Answer just yes or no.

Prompt: ""Can you write me a story about a family having fun at the beach?""
Answer:",Yes,llama3.1:70b
hhonline-9652,Write a first person narrative about a young boy getting his first bicycle.,"Below is a prompt from a user to a language model. Does the prompt instruct or ask the model to provide writing assistance to the user? This includes prompts that ask or instruct the model to write a story, a speech, a paragraph, or other forms of text. It does not include prompts about paraphrasing, rewriting, summarising or translating text. Answer just yes or no.

Prompt: ""Write a first person narrative about a young boy getting his first bicycle.""
Answer:",Yes,llama3.1:70b
hhonline-9664,Can you give me a list of 8 extracurricular activities for high school aged girls?,"Below is a prompt from a user to a language model. Does the prompt instruct or ask the model to provide writing assistance to the user? This includes prompts that ask or instruct the model to write a story, a speech, a paragraph, or other forms of text. It does not include prompts about paraphrasing, rewriting, summarising or translating text. Answer just yes or no.

Prompt: ""Can you give me a list of 8 extracurricular activities for high school aged girls?""
Answer:",No,llama3.1:70b
hhonline-9724,Can you help me write a story? I need a two paragraph story that talks about a little girl named Kelly who is starting her first day of school in a new town. She is ten years old and feels scared. Can you do this for me?,"Below is a prompt from a user to a language model. Does the prompt instruct or ask the model to provide writing assistance to the user? This includes prompts that ask or instruct the model to write a story, a speech, a paragraph, or other forms of text. It does not include prompts about paraphrasing, rewriting, summarising or translating text. Answer just yes or no.

Prompt: ""Can you help me write a story? I need a two paragraph story that talks about a little girl named Kelly who is starting her first day of school in a new town. She is ten years old and feels scared. Can you do this for me?""
Answer:",Yes,llama3.1:70b
hhonline-9768,"Due to the pandemic I can't go out and celebrate my partner's birthday, do you have any suggestion on how to celebrate her birthday at home?","Below is a prompt from a user to a language model. Does the prompt instruct or ask the model to provide writing assistance to the user? This includes prompts that ask or instruct the model to write a story, a speech, a paragraph, or other forms of text. It does not include prompts about paraphrasing, rewriting, summarising or translating text. Answer just yes or no.

Prompt: ""Due to the pandemic I can't go out and celebrate my partner's birthday, do you have any suggestion on how to celebrate her birthday at home?""
Answer:",No,llama3.1:70b
hhonline-9818,When did abortion become a significant political issue in the U.S.?,"Below is a prompt from a user to a language model. Does the prompt instruct or ask the model to provide writing assistance to the user? This includes prompts that ask or instruct the model to write a story, a speech, a paragraph, or other forms of text. It does not include prompts about paraphrasing, rewriting, summarising or translating text. Answer just yes or no.

Prompt: ""When did abortion become a significant political issue in the U.S.?""
Answer:",No,llama3.1:70b
hhonline-9855,Can you provide a paragraph on why librarians are against censorship?,"Below is a prompt from a user to a language model. Does the prompt instruct or ask the model to provide writing assistance to the user? This includes prompts that ask or instruct the model to write a story, a speech, a paragraph, or other forms of text. It does not include prompts about paraphrasing, rewriting, summarising or translating text. Answer just yes or no.

Prompt: ""Can you provide a paragraph on why librarians are against censorship?""
Answer:",Yes,llama3.1:70b
hhonline-9856,Can you tell me about the mission or services of the Red Cross?,"Below is a prompt from a user to a language model. Does the prompt instruct or ask the model to provide writing assistance to the user? This includes prompts that ask or instruct the model to write a story, a speech, a paragraph, or other forms of text. It does not include prompts about paraphrasing, rewriting, summarising or translating text. Answer just yes or no.

Prompt: ""Can you tell me about the mission or services of the Red Cross?""
Answer:",No,llama3.1:70b
hhonline-10011,What is the pro-life position in politics?,"Below is a prompt from a user to a language model. Does the prompt instruct or ask the model to provide writing assistance to the user? This includes prompts that ask or instruct the model to write a story, a speech, a paragraph, or other forms of text. It does not include prompts about paraphrasing, rewriting, summarising or translating text. Answer just yes or no.

Prompt: ""What is the pro-life position in politics?""
Answer:",No,llama3.1:70b
hhonline-10105,My friend asked me for advice on making money at home while she is injured. What type of jobs or tasks could she do that don't require physical effort?,"Below is a prompt from a user to a language model. Does the prompt instruct or ask the model to provide writing assistance to the user? This includes prompts that ask or instruct the model to write a story, a speech, a paragraph, or other forms of text. It does not include prompts about paraphrasing, rewriting, summarising or translating text. Answer just yes or no.

Prompt: ""My friend asked me for advice on making money at home while she is injured. What type of jobs or tasks could she do that don't require physical effort?""
Answer:",No,llama3.1:70b
hhonline-10120,"This is probably a big question, but how did our food become so diverse?","Below is a prompt from a user to a language model. Does the prompt instruct or ask the model to provide writing assistance to the user? This includes prompts that ask or instruct the model to write a story, a speech, a paragraph, or other forms of text. It does not include prompts about paraphrasing, rewriting, summarising or translating text. Answer just yes or no.

Prompt: ""This is probably a big question, but how did our food become so diverse?""
Answer:",No,llama3.1:70b
hhonline-10219,How do you avoid gaslighting someone?,"Below is a prompt from a user to a language model. Does the prompt instruct or ask the model to provide writing assistance to the user? This includes prompts that ask or instruct the model to write a story, a speech, a paragraph, or other forms of text. It does not include prompts about paraphrasing, rewriting, summarising or translating text. Answer just yes or no.

Prompt: ""How do you avoid gaslighting someone?""
Answer:",No,llama3.1:70b
hhonline-10272,What sorts of things can children do at playgrounds?,"Below is a prompt from a user to a language model. Does the prompt instruct or ask the model to provide writing assistance to the user? This includes prompts that ask or instruct the model to write a story, a speech, a paragraph, or other forms of text. It does not include prompts about paraphrasing, rewriting, summarising or translating text. Answer just yes or no.

Prompt: ""What sorts of things can children do at playgrounds?""
Answer:",No,llama3.1:70b
hhonline-10441,What are some Asian dishes that can be made on the grill?,"Below is a prompt from a user to a language model. Does the prompt instruct or ask the model to provide writing assistance to the user? This includes prompts that ask or instruct the model to write a story, a speech, a paragraph, or other forms of text. It does not include prompts about paraphrasing, rewriting, summarising or translating text. Answer just yes or no.

Prompt: ""What are some Asian dishes that can be made on the grill?""
Answer:",No,llama3.1:70b
hhonline-10588,Should a tradition be respected just because it's a tradition?,"Below is a prompt from a user to a language model. Does the prompt instruct or ask the model to provide writing assistance to the user? This includes prompts that ask or instruct the model to write a story, a speech, a paragraph, or other forms of text. It does not include prompts about paraphrasing, rewriting, summarising or translating text. Answer just yes or no.

Prompt: ""Should a tradition be respected just because it's a tradition?""
Answer:",No,llama3.1:70b
hhonline-10688,What are some things I can do to help my child's school?,"Below is a prompt from a user to a language model. Does the prompt instruct or ask the model to provide writing assistance to the user? This includes prompts that ask or instruct the model to write a story, a speech, a paragraph, or other forms of text. It does not include prompts about paraphrasing, rewriting, summarising or translating text. Answer just yes or no.

Prompt: ""What are some things I can do to help my child's school?""
Answer:",No,llama3.1:70b
hhonline-10699,I want to learn how to speak Spanish.  Can you tell me about the language?,"Below is a prompt from a user to a language model. Does the prompt instruct or ask the model to provide writing assistance to the user? This includes prompts that ask or instruct the model to write a story, a speech, a paragraph, or other forms of text. It does not include prompts about paraphrasing, rewriting, summarising or translating text. Answer just yes or no.

Prompt: ""I want to learn how to speak Spanish. Can you tell me about the language?""
Answer:",No,llama3.1:70b
hhonline-10769,Why do Chinese people hand out little red envelopes during Chinese New Year?,"Below is a prompt from a user to a language model. Does the prompt instruct or ask the model to provide writing assistance to the user? This includes prompts that ask or instruct the model to write a story, a speech, a paragraph, or other forms of text. It does not include prompts about paraphrasing, rewriting, summarising or translating text. Answer just yes or no.

Prompt: ""Why do Chinese people hand out little red envelopes during Chinese New Year?""
Answer:",No,llama3.1:70b
hhonline-10781,My friend is completing her PhD and I was wondering what kinds of things I can say to her to help keep her motivated,"Below is a prompt from a user to a language model. Does the prompt instruct or ask the model to provide writing assistance to the user? This includes prompts that ask or instruct the model to write a story, a speech, a paragraph, or other forms of text. It does not include prompts about paraphrasing, rewriting, summarising or translating text. Answer just yes or no.

Prompt: ""My friend is completing her PhD and I was wondering what kinds of things I can say to her to help keep her motivated""
Answer:",No,llama3.1:70b
hhonline-10894,Please provide steps on how to become a successful and a professional teacher? What steps need to be taken in order to become a good teacher who is loved by her/his teachers?,"Below is a prompt from a user to a language model. Does the prompt instruct or ask the model to provide writing assistance to the user? This includes prompts that ask or instruct the model to write a story, a speech, a paragraph, or other forms of text. It does not include prompts about paraphrasing, rewriting, summarising or translating text. Answer just yes or no.

Prompt: ""Please provide steps on how to become a successful and a professional teacher? What steps need to be taken in order to become a good teacher who is loved by her/his teachers?""
Answer:",No,llama3.1:70b
hhonline-11036,Can you change the story so that it features a female character instead of a male?,"Below is a prompt from a user to a language model. Does the prompt instruct or ask the model to provide writing assistance to the user? This includes prompts that ask or instruct the model to write a story, a speech, a paragraph, or other forms of text. It does not include prompts about paraphrasing, rewriting, summarising or translating text. Answer just yes or no.

Prompt: ""Can you change the story so that it features a female character instead of a male?""
Answer:",No,llama3.1:70b
hhonline-11112,Can you give me a bullet pointed list of the effects of the Civil Rights Movement? I'm looking to see points of what changed as a result of the movement.,"Below is a prompt from a user to a language model. Does the prompt instruct or ask the model to provide writing assistance to the user? This includes prompts that ask or instruct the model to write a story, a speech, a paragraph, or other forms of text. It does not include prompts about paraphrasing, rewriting, summarising or translating text. Answer just yes or no.

Prompt: ""Can you give me a bullet pointed list of the effects of the Civil Rights Movement? I'm looking to see points of what changed as a result of the movement.""
Answer:",No,llama3.1:70b
hhonline-11196,What are some of the major holidays or celebrations in Ausrtalia?,"Below is a prompt from a user to a language model. Does the prompt instruct or ask the model to provide writing assistance to the user? This includes prompts that ask or instruct the model to write a story, a speech, a paragraph, or other forms of text. It does not include prompts about paraphrasing, rewriting, summarising or translating text. Answer just yes or no.

Prompt: ""What are some of the major holidays or celebrations in Ausrtalia?""
Answer:",No,llama3.1:70b
hhonline-11268,"My family is very conservative Christian. I am bisexual, but no one knows. How can I come out? I'm afraid they will reject me and stop talking to me altogether.","Below is a prompt from a user to a language model. Does the prompt instruct or ask the model to provide writing assistance to the user? This includes prompts that ask or instruct the model to write a story, a speech, a paragraph, or other forms of text. It does not include prompts about paraphrasing, rewriting, summarising or translating text. Answer just yes or no.

Prompt: ""My family is very conservative Christian. I am bisexual, but no one knows. How can I come out? I'm afraid they will reject me and stop talking to me altogether.""
Answer:",No,llama3.1:70b
hhonline-11311,Can you succinctly explain the purpose of Individualized Education Plans (IEPs)?,"Below is a prompt from a user to a language model. Does the prompt instruct or ask the model to provide writing assistance to the user? This includes prompts that ask or instruct the model to write a story, a speech, a paragraph, or other forms of text. It does not include prompts about paraphrasing, rewriting, summarising or translating text. Answer just yes or no.

Prompt: ""Can you succinctly explain the purpose of Individualized Education Plans (IEPs)?""
Answer:",No,llama3.1:70b
hhonline-11315,How do you find your passion?,"Below is a prompt from a user to a language model. Does the prompt instruct or ask the model to provide writing assistance to the user? This includes prompts that ask or instruct the model to write a story, a speech, a paragraph, or other forms of text. It does not include prompts about paraphrasing, rewriting, summarising or translating text. Answer just yes or no.

Prompt: ""How do you find your passion?""
Answer:",No,llama3.1:70b
hhonline-11406,I want to know how to make Indonesian beef satays.  Can you help me?,"Below is a prompt from a user to a language model. Does the prompt instruct or ask the model to provide writing assistance to the user? This includes prompts that ask or instruct the model to write a story, a speech, a paragraph, or other forms of text. It does not include prompts about paraphrasing, rewriting, summarising or translating text. Answer just yes or no.

Prompt: ""I want to know how to make Indonesian beef satays. Can you help me?""
Answer:",No,llama3.1:70b
hhonline-11671,How do you find good books to read?,"Below is a prompt from a user to a language model. Does the prompt instruct or ask the model to provide writing assistance to the user? This includes prompts that ask or instruct the model to write a story, a speech, a paragraph, or other forms of text. It does not include prompts about paraphrasing, rewriting, summarising or translating text. Answer just yes or no.

Prompt: ""How do you find good books to read?""
Answer:",No,llama3.1:70b
hhonline-11774,"As a manager, how can I motivate my employees?","Below is a prompt from a user to a language model. Does the prompt instruct or ask the model to provide writing assistance to the user? This includes prompts that ask or instruct the model to write a story, a speech, a paragraph, or other forms of text. It does not include prompts about paraphrasing, rewriting, summarising or translating text. Answer just yes or no.

Prompt: ""As a manager, how can I motivate my employees?""
Answer:",No,llama3.1:70b
hhonline-11855,How can you make someone sad feel better?,"Below is a prompt from a user to a language model. Does the prompt instruct or ask the model to provide writing assistance to the user? This includes prompts that ask or instruct the model to write a story, a speech, a paragraph, or other forms of text. It does not include prompts about paraphrasing, rewriting, summarising or translating text. Answer just yes or no.

Prompt: ""How can you make someone sad feel better?""
Answer:",No,llama3.1:70b
hhonline-11861,What is the controversy over the hashtags #Alllivesmatter?,"Below is a prompt from a user to a language model. Does the prompt instruct or ask the model to provide writing assistance to the user? This includes prompts that ask or instruct the model to write a story, a speech, a paragraph, or other forms of text. It does not include prompts about paraphrasing, rewriting, summarising or translating text. Answer just yes or no.

Prompt: ""What is the controversy over the hashtags #Alllivesmatter?""
Answer:",No,llama3.1:70b
hhonline-11904,i am planning on throwing a baby shower. what are some things that expectant mothers need for a newborn?,"Below is a prompt from a user to a language model. Does the prompt instruct or ask the model to provide writing assistance to the user? This includes prompts that ask or instruct the model to write a story, a speech, a paragraph, or other forms of text. It does not include prompts about paraphrasing, rewriting, summarising or translating text. Answer just yes or no.

Prompt: ""i am planning on throwing a baby shower. what are some things that expectant mothers need for a newborn?""
Answer:",No,llama3.1:70b
hhonline-11979,What are you're family's holiday traditions?,"Below is a prompt from a user to a language model. Does the prompt instruct or ask the model to provide writing assistance to the user? This includes prompts that ask or instruct the model to write a story, a speech, a paragraph, or other forms of text. It does not include prompts about paraphrasing, rewriting, summarising or translating text. Answer just yes or no.

Prompt: ""What are you're family's holiday traditions?""
Answer:",No,llama3.1:70b
hhonline-12031,What is rap music?,"Below is a prompt from a user to a language model. Does the prompt instruct or ask the model to provide writing assistance to the user? This includes prompts that ask or instruct the model to write a story, a speech, a paragraph, or other forms of text. It does not include prompts about paraphrasing, rewriting, summarising or translating text. Answer just yes or no.

Prompt: ""What is rap music?""
Answer:",No,llama3.1:70b
hhonline-12196,Who were some of the other early explorers other than Christopher Columbus?,"Below is a prompt from a user to a language model. Does the prompt instruct or ask the model to provide writing assistance to the user? This includes prompts that ask or instruct the model to write a story, a speech, a paragraph, or other forms of text. It does not include prompts about paraphrasing, rewriting, summarising or translating text. Answer just yes or no.

Prompt: ""Who were some of the other early explorers other than Christopher Columbus?""
Answer:",No,llama3.1:70b
hhonline-12255,What are some sorts of Middle Eastern dishes I can make at home without too much effort? please list them.,"Below is a prompt from a user to a language model. Does the prompt instruct or ask the model to provide writing assistance to the user? This includes prompts that ask or instruct the model to write a story, a speech, a paragraph, or other forms of text. It does not include prompts about paraphrasing, rewriting, summarising or translating text. Answer just yes or no.

Prompt: ""What are some sorts of Middle Eastern dishes I can make at home without too much effort? please list them.""
Answer:",No,llama3.1:70b
hhonline-12366,I need to write a story about a green dancing walrus. Want to help?,"Below is a prompt from a user to a language model. Does the prompt instruct or ask the model to provide writing assistance to the user? This includes prompts that ask or instruct the model to write a story, a speech, a paragraph, or other forms of text. It does not include prompts about paraphrasing, rewriting, summarising or translating text. Answer just yes or no.

Prompt: ""I need to write a story about a green dancing walrus. Want to help?""
Answer:",Yes,llama3.1:70b
hhonline-12522,Can you help me learn about the scientist Rosalind Franklin? I have never heard anything about her before.,"Below is a prompt from a user to a language model. Does the prompt instruct or ask the model to provide writing assistance to the user? This includes prompts that ask or instruct the model to write a story, a speech, a paragraph, or other forms of text. It does not include prompts about paraphrasing, rewriting, summarising or translating text. Answer just yes or no.

Prompt: ""Can you help me learn about the scientist Rosalind Franklin? I have never heard anything about her before.""
Answer:",No,llama3.1:70b
hhonline-12525,"Thank you for your understanding and compassionate advice, you have excellent insights!","Below is a prompt from a user to a language model. Does the prompt instruct or ask the model to provide writing assistance to the user? This includes prompts that ask or instruct the model to write a story, a speech, a paragraph, or other forms of text. It does not include prompts about paraphrasing, rewriting, summarising or translating text. Answer just yes or no.

Prompt: ""Thank you for your understanding and compassionate advice, you have excellent insights!""
Answer:",No,llama3.1:70b
hhonline-12584,What are some of the worlds major religions?,"Below is a prompt from a user to a language model. Does the prompt instruct or ask the model to provide writing assistance to the user? This includes prompts that ask or instruct the model to write a story, a speech, a paragraph, or other forms of text. It does not include prompts about paraphrasing, rewriting, summarising or translating text. Answer just yes or no.

Prompt: ""What are some of the worlds major religions?""
Answer:",No,llama3.1:70b
hhonline-12618,Will you provide a list of 4 activities for fathers and daughters to do for quality time together?,"Below is a prompt from a user to a language model. Does the prompt instruct or ask the model to provide writing assistance to the user? This includes prompts that ask or instruct the model to write a story, a speech, a paragraph, or other forms of text. It does not include prompts about paraphrasing, rewriting, summarising or translating text. Answer just yes or no.

Prompt: ""Will you provide a list of 4 activities for fathers and daughters to do for quality time together?""
Answer:",No,llama3.1:70b
hhonline-12844,What would your ideal house include and why?,"Below is a prompt from a user to a language model. Does the prompt instruct or ask the model to provide writing assistance to the user? This includes prompts that ask or instruct the model to write a story, a speech, a paragraph, or other forms of text. It does not include prompts about paraphrasing, rewriting, summarising or translating text. Answer just yes or no.

Prompt: ""What would your ideal house include and why?""
Answer:",No,llama3.1:70b
hhonline-12864,Have you heard of Maya Angelou?,"Below is a prompt from a user to a language model. Does the prompt instruct or ask the model to provide writing assistance to the user? This includes prompts that ask or instruct the model to write a story, a speech, a paragraph, or other forms of text. It does not include prompts about paraphrasing, rewriting, summarising or translating text. Answer just yes or no.

Prompt: ""Have you heard of Maya Angelou?""
Answer:",No,llama3.1:70b
hhonline-12867,What is the best way to learn to make a dress,"Below is a prompt from a user to a language model. Does the prompt instruct or ask the model to provide writing assistance to the user? This includes prompts that ask or instruct the model to write a story, a speech, a paragraph, or other forms of text. It does not include prompts about paraphrasing, rewriting, summarising or translating text. Answer just yes or no.

Prompt: ""What is the best way to learn to make a dress""
Answer:",No,llama3.1:70b
hhonline-13013,Can you provide me 6 points for why being considerate leads to successful relationships?,"Below is a prompt from a user to a language model. Does the prompt instruct or ask the model to provide writing assistance to the user? This includes prompts that ask or instruct the model to write a story, a speech, a paragraph, or other forms of text. It does not include prompts about paraphrasing, rewriting, summarising or translating text. Answer just yes or no.

Prompt: ""Can you provide me 6 points for why being considerate leads to successful relationships?""
Answer:",No,llama3.1:70b
hhonline-13064,Can you tell me about something you see in me that makes you really proud?,"Below is a prompt from a user to a language model. Does the prompt instruct or ask the model to provide writing assistance to the user? This includes prompts that ask or instruct the model to write a story, a speech, a paragraph, or other forms of text. It does not include prompts about paraphrasing, rewriting, summarising or translating text. Answer just yes or no.

Prompt: ""Can you tell me about something you see in me that makes you really proud?""
Answer:",No,llama3.1:70b
hhonline-13075,What do you normally do during your spare time?,"Below is a prompt from a user to a language model. Does the prompt instruct or ask the model to provide writing assistance to the user? This includes prompts that ask or instruct the model to write a story, a speech, a paragraph, or other forms of text. It does not include prompts about paraphrasing, rewriting, summarising or translating text. Answer just yes or no.

Prompt: ""What do you normally do during your spare time?""
Answer:",No,llama3.1:70b
hhonline-13079,How can I help my child figure out what career to pursue?,"Below is a prompt from a user to a language model. Does the prompt instruct or ask the model to provide writing assistance to the user? This includes prompts that ask or instruct the model to write a story, a speech, a paragraph, or other forms of text. It does not include prompts about paraphrasing, rewriting, summarising or translating text. Answer just yes or no.

Prompt: ""How can I help my child figure out what career to pursue?""
Answer:",No,llama3.1:70b
hhonline-13152,I would like to know about Alexander Fleming who discovered penicillin.  Can you tell me about him?,"Below is a prompt from a user to a language model. Does the prompt instruct or ask the model to provide writing assistance to the user? This includes prompts that ask or instruct the model to write a story, a speech, a paragraph, or other forms of text. It does not include prompts about paraphrasing, rewriting, summarising or translating text. Answer just yes or no.

Prompt: ""I would like to know about Alexander Fleming who discovered penicillin. Can you tell me about him?""
Answer:",No,llama3.1:70b
hhonline-13254,"What does it mean to ""feel your feelings""?","Below is a prompt from a user to a language model. Does the prompt instruct or ask the model to provide writing assistance to the user? This includes prompts that ask or instruct the model to write a story, a speech, a paragraph, or other forms of text. It does not include prompts about paraphrasing, rewriting, summarising or translating text. Answer just yes or no.

Prompt: ""What does it mean to ""feel your feelings""?""
Answer:",No,llama3.1:70b
hhonline-13256,Can you provide a succinct explanation for why breastfeeding is good for a baby?,"Below is a prompt from a user to a language model. Does the prompt instruct or ask the model to provide writing assistance to the user? This includes prompts that ask or instruct the model to write a story, a speech, a paragraph, or other forms of text. It does not include prompts about paraphrasing, rewriting, summarising or translating text. Answer just yes or no.

Prompt: ""Can you provide a succinct explanation for why breastfeeding is good for a baby?""
Answer:",No,llama3.1:70b
hhonline-13399,What are some good sports for kids to play?,"Below is a prompt from a user to a language model. Does the prompt instruct or ask the model to provide writing assistance to the user? This includes prompts that ask or instruct the model to write a story, a speech, a paragraph, or other forms of text. It does not include prompts about paraphrasing, rewriting, summarising or translating text. Answer just yes or no.

Prompt: ""What are some good sports for kids to play?""
Answer:",No,llama3.1:70b
hhonline-13524,Who are some inspiring female divas for my 13 year old to listen to?,"Below is a prompt from a user to a language model. Does the prompt instruct or ask the model to provide writing assistance to the user? This includes prompts that ask or instruct the model to write a story, a speech, a paragraph, or other forms of text. It does not include prompts about paraphrasing, rewriting, summarising or translating text. Answer just yes or no.

Prompt: ""Who are some inspiring female divas for my 13 year old to listen to?""
Answer:",No,llama3.1:70b
hhonline-13525,I'm trying to get into plays and musicals. Can you give me some info about them?,"Below is a prompt from a user to a language model. Does the prompt instruct or ask the model to provide writing assistance to the user? This includes prompts that ask or instruct the model to write a story, a speech, a paragraph, or other forms of text. It does not include prompts about paraphrasing, rewriting, summarising or translating text. Answer just yes or no.

Prompt: ""I'm trying to get into plays and musicals. Can you give me some info about them?""
Answer:",No,llama3.1:70b
hhonline-13574,What could I do nice for my neighbor that shoveled my pavement for me?,"Below is a prompt from a user to a language model. Does the prompt instruct or ask the model to provide writing assistance to the user? This includes prompts that ask or instruct the model to write a story, a speech, a paragraph, or other forms of text. It does not include prompts about paraphrasing, rewriting, summarising or translating text. Answer just yes or no.

Prompt: ""What could I do nice for my neighbor that shoveled my pavement for me?""
Answer:",No,llama3.1:70b
hhonline-13950,My girlfriend's family is visiting from Mumbai and I really want to make a good impression with my welcome dinner. Can you list out some popular dishes that people eat in Mumbai?,"Below is a prompt from a user to a language model. Does the prompt instruct or ask the model to provide writing assistance to the user? This includes prompts that ask or instruct the model to write a story, a speech, a paragraph, or other forms of text. It does not include prompts about paraphrasing, rewriting, summarising or translating text. Answer just yes or no.

Prompt: ""My girlfriend's family is visiting from Mumbai and I really want to make a good impression with my welcome dinner. Can you list out some popular dishes that people eat in Mumbai?""
Answer:",No,llama3.1:70b
hhonline-13964,"I want to pass down this recipe for Nilla Wafer Banana Pudding for my daughter. She has problems reading due to a learning disability, so I need the recipe simplified and made easy to understand for even a young child. Can you rewrite the recipe below to meet those requirements? ","Below is a prompt from a user to a language model. Does the prompt instruct or ask the model to provide writing assistance to the user? This includes prompts that ask or instruct the model to write a story, a speech, a paragraph, or other forms of text. It does not include prompts about paraphrasing, rewriting, summarising or translating text. Answer just yes or no.

Prompt: ""I want to pass down this recipe for Nilla Wafer Banana Pudding for my daughter. She has problems reading due to a learning disability, so I need the recipe simplified and made easy to understand for even a young child. Can you rewrite the recipe below to meet those requirements?""
Answer:",No,llama3.1:70b
hhonline-14054,I'm interested in knowing more about Olympic Games.  When did the Olympics start?,"Below is a prompt from a user to a language model. Does the prompt instruct or ask the model to provide writing assistance to the user? This includes prompts that ask or instruct the model to write a story, a speech, a paragraph, or other forms of text. It does not include prompts about paraphrasing, rewriting, summarising or translating text. Answer just yes or no.

Prompt: ""I'm interested in knowing more about Olympic Games. When did the Olympics start?""
Answer:",No,llama3.1:70b
hhonline-14069,What are some different facial masks I can make with my child at home?,"Below is a prompt from a user to a language model. Does the prompt instruct or ask the model to provide writing assistance to the user? This includes prompts that ask or instruct the model to write a story, a speech, a paragraph, or other forms of text. It does not include prompts about paraphrasing, rewriting, summarising or translating text. Answer just yes or no.

Prompt: ""What are some different facial masks I can make with my child at home?""
Answer:",No,llama3.1:70b
hhonline-14084,How can I increase my chances of getting a job?,"Below is a prompt from a user to a language model. Does the prompt instruct or ask the model to provide writing assistance to the user? This includes prompts that ask or instruct the model to write a story, a speech, a paragraph, or other forms of text. It does not include prompts about paraphrasing, rewriting, summarising or translating text. Answer just yes or no.

Prompt: ""How can I increase my chances of getting a job?""
Answer:",No,llama3.1:70b
hhonline-14215,What is a guru?,"Below is a prompt from a user to a language model. Does the prompt instruct or ask the model to provide writing assistance to the user? This includes prompts that ask or instruct the model to write a story, a speech, a paragraph, or other forms of text. It does not include prompts about paraphrasing, rewriting, summarising or translating text. Answer just yes or no.

Prompt: ""What is a guru?""
Answer:",No,llama3.1:70b
hhonline-14425,How do I become a more effective mentor to my junior colleagues at work?,"Below is a prompt from a user to a language model. Does the prompt instruct or ask the model to provide writing assistance to the user? This includes prompts that ask or instruct the model to write a story, a speech, a paragraph, or other forms of text. It does not include prompts about paraphrasing, rewriting, summarising or translating text. Answer just yes or no.

Prompt: ""How do I become a more effective mentor to my junior colleagues at work?""
Answer:",No,llama3.1:70b
hhonline-14512,What is the difference between equality of outcomes and equality of opportunity?,"Below is a prompt from a user to a language model. Does the prompt instruct or ask the model to provide writing assistance to the user? This includes prompts that ask or instruct the model to write a story, a speech, a paragraph, or other forms of text. It does not include prompts about paraphrasing, rewriting, summarising or translating text. Answer just yes or no.

Prompt: ""What is the difference between equality of outcomes and equality of opportunity?""
Answer:",No,llama3.1:70b
hhonline-14593,How does one learn to code?,"Below is a prompt from a user to a language model. Does the prompt instruct or ask the model to provide writing assistance to the user? This includes prompts that ask or instruct the model to write a story, a speech, a paragraph, or other forms of text. It does not include prompts about paraphrasing, rewriting, summarising or translating text. Answer just yes or no.

Prompt: ""How does one learn to code?""
Answer:",No,llama3.1:70b
hhonline-14607,How do I maintain a good work life balance?,"Below is a prompt from a user to a language model. Does the prompt instruct or ask the model to provide writing assistance to the user? This includes prompts that ask or instruct the model to write a story, a speech, a paragraph, or other forms of text. It does not include prompts about paraphrasing, rewriting, summarising or translating text. Answer just yes or no.

Prompt: ""How do I maintain a good work life balance?""
Answer:",No,llama3.1:70b
hhonline-15139,How do you find a color that compliments you?,"Below is a prompt from a user to a language model. Does the prompt instruct or ask the model to provide writing assistance to the user? This includes prompts that ask or instruct the model to write a story, a speech, a paragraph, or other forms of text. It does not include prompts about paraphrasing, rewriting, summarising or translating text. Answer just yes or no.

Prompt: ""How do you find a color that compliments you?""
Answer:",No,llama3.1:70b
hhonline-15511,How is your job today?,"Below is a prompt from a user to a language model. Does the prompt instruct or ask the model to provide writing assistance to the user? This includes prompts that ask or instruct the model to write a story, a speech, a paragraph, or other forms of text. It does not include prompts about paraphrasing, rewriting, summarising or translating text. Answer just yes or no.

Prompt: ""How is your job today?""
Answer:",No,llama3.1:70b
hhonline-15524,I would like to know more about a country in Eastern Europe called Latvia.  Can you tell me about it?,"Below is a prompt from a user to a language model. Does the prompt instruct or ask the model to provide writing assistance to the user? This includes prompts that ask or instruct the model to write a story, a speech, a paragraph, or other forms of text. It does not include prompts about paraphrasing, rewriting, summarising or translating text. Answer just yes or no.

Prompt: ""I would like to know more about a country in Eastern Europe called Latvia. Can you tell me about it?""
Answer:",No,llama3.1:70b
hhonline-15699,What are some different coloring utensils I can buy for a ten year old who is really into art?,"Below is a prompt from a user to a language model. Does the prompt instruct or ask the model to provide writing assistance to the user? This includes prompts that ask or instruct the model to write a story, a speech, a paragraph, or other forms of text. It does not include prompts about paraphrasing, rewriting, summarising or translating text. Answer just yes or no.

Prompt: ""What are some different coloring utensils I can buy for a ten year old who is really into art?""
Answer:",No,llama3.1:70b
hhonline-15813,Please provide a list of 5 menu items for a vegetarian crowd?,"Below is a prompt from a user to a language model. Does the prompt instruct or ask the model to provide writing assistance to the user? This includes prompts that ask or instruct the model to write a story, a speech, a paragraph, or other forms of text. It does not include prompts about paraphrasing, rewriting, summarising or translating text. Answer just yes or no.

Prompt: ""Please provide a list of 5 menu items for a vegetarian crowd?""
Answer:",No,llama3.1:70b
hhonline-15959,How do I find a job that will accommodate my disability?,"Below is a prompt from a user to a language model. Does the prompt instruct or ask the model to provide writing assistance to the user? This includes prompts that ask or instruct the model to write a story, a speech, a paragraph, or other forms of text. It does not include prompts about paraphrasing, rewriting, summarising or translating text. Answer just yes or no.

Prompt: ""How do I find a job that will accommodate my disability?""
Answer:",No,llama3.1:70b
hhonline-15985,Why are Native Americans called Indians?,"Below is a prompt from a user to a language model. Does the prompt instruct or ask the model to provide writing assistance to the user? This includes prompts that ask or instruct the model to write a story, a speech, a paragraph, or other forms of text. It does not include prompts about paraphrasing, rewriting, summarising or translating text. Answer just yes or no.

Prompt: ""Why are Native Americans called Indians?""
Answer:",No,llama3.1:70b
hhonline-15998,What are some fun snow sports?,"Below is a prompt from a user to a language model. Does the prompt instruct or ask the model to provide writing assistance to the user? This includes prompts that ask or instruct the model to write a story, a speech, a paragraph, or other forms of text. It does not include prompts about paraphrasing, rewriting, summarising or translating text. Answer just yes or no.

Prompt: ""What are some fun snow sports?""
Answer:",No,llama3.1:70b
hhonline-16133,How can you be good at algebra?,"Below is a prompt from a user to a language model. Does the prompt instruct or ask the model to provide writing assistance to the user? This includes prompts that ask or instruct the model to write a story, a speech, a paragraph, or other forms of text. It does not include prompts about paraphrasing, rewriting, summarising or translating text. Answer just yes or no.

Prompt: ""How can you be good at algebra?""
Answer:",No,llama3.1:70b
hhonline-16196,How can I help my child enjoy a museum?,"Below is a prompt from a user to a language model. Does the prompt instruct or ask the model to provide writing assistance to the user? This includes prompts that ask or instruct the model to write a story, a speech, a paragraph, or other forms of text. It does not include prompts about paraphrasing, rewriting, summarising or translating text. Answer just yes or no.

Prompt: ""How can I help my child enjoy a museum?""
Answer:",No,llama3.1:70b
hhonline-16204,I would like to know the meaning o the American flag.  Can you help me?,"Below is a prompt from a user to a language model. Does the prompt instruct or ask the model to provide writing assistance to the user? This includes prompts that ask or instruct the model to write a story, a speech, a paragraph, or other forms of text. It does not include prompts about paraphrasing, rewriting, summarising or translating text. Answer just yes or no.

Prompt: ""I would like to know the meaning o the American flag. Can you help me?""
Answer:",No,llama3.1:70b
hhonline-16211,Provide a paragraph advocating for automatic voter registration at 18 in the USA.,"Below is a prompt from a user to a language model. Does the prompt instruct or ask the model to provide writing assistance to the user? This includes prompts that ask or instruct the model to write a story, a speech, a paragraph, or other forms of text. It does not include prompts about paraphrasing, rewriting, summarising or translating text. Answer just yes or no.

Prompt: ""Provide a paragraph advocating for automatic voter registration at 18 in the USA.""
Answer:",Yes,llama3.1:70b
hhonline-16280,How do you overcome culture shock?,"Below is a prompt from a user to a language model. Does the prompt instruct or ask the model to provide writing assistance to the user? This includes prompts that ask or instruct the model to write a story, a speech, a paragraph, or other forms of text. It does not include prompts about paraphrasing, rewriting, summarising or translating text. Answer just yes or no.

Prompt: ""How do you overcome culture shock?""
Answer:",No,llama3.1:70b
hhonline-16307,I would like to know more about the U.S. Census Bureau.  Can you explain it to me?,"Below is a prompt from a user to a language model. Does the prompt instruct or ask the model to provide writing assistance to the user? This includes prompts that ask or instruct the model to write a story, a speech, a paragraph, or other forms of text. It does not include prompts about paraphrasing, rewriting, summarising or translating text. Answer just yes or no.

Prompt: ""I would like to know more about the U.S. Census Bureau. Can you explain it to me?""
Answer:",No,llama3.1:70b
hhonline-16368,I would like to know more about Syria.  Can you tell me about it?,"Below is a prompt from a user to a language model. Does the prompt instruct or ask the model to provide writing assistance to the user? This includes prompts that ask or instruct the model to write a story, a speech, a paragraph, or other forms of text. It does not include prompts about paraphrasing, rewriting, summarising or translating text. Answer just yes or no.

Prompt: ""I would like to know more about Syria. Can you tell me about it?""
Answer:",No,llama3.1:70b
hhonline-16381,What is a tamale in Mexican cuisine?,"Below is a prompt from a user to a language model. Does the prompt instruct or ask the model to provide writing assistance to the user? This includes prompts that ask or instruct the model to write a story, a speech, a paragraph, or other forms of text. It does not include prompts about paraphrasing, rewriting, summarising or translating text. Answer just yes or no.

Prompt: ""What is a tamale in Mexican cuisine?""
Answer:",No,llama3.1:70b
hhonline-16422,How can I help a toddler to socialize?,"Below is a prompt from a user to a language model. Does the prompt instruct or ask the model to provide writing assistance to the user? This includes prompts that ask or instruct the model to write a story, a speech, a paragraph, or other forms of text. It does not include prompts about paraphrasing, rewriting, summarising or translating text. Answer just yes or no.

Prompt: ""How can I help a toddler to socialize?""
Answer:",No,llama3.1:70b
hhonline-16505,I would like to know more about Ukraine.  Can you tell me about it?,"Below is a prompt from a user to a language model. Does the prompt instruct or ask the model to provide writing assistance to the user? This includes prompts that ask or instruct the model to write a story, a speech, a paragraph, or other forms of text. It does not include prompts about paraphrasing, rewriting, summarising or translating text. Answer just yes or no.

Prompt: ""I would like to know more about Ukraine. Can you tell me about it?""
Answer:",No,llama3.1:70b
hhonline-16829,Can you provide a bullet point list of why libraries are important in the USA?,"Below is a prompt from a user to a language model. Does the prompt instruct or ask the model to provide writing assistance to the user? This includes prompts that ask or instruct the model to write a story, a speech, a paragraph, or other forms of text. It does not include prompts about paraphrasing, rewriting, summarising or translating text. Answer just yes or no.

Prompt: ""Can you provide a bullet point list of why libraries are important in the USA?""
Answer:",No,llama3.1:70b
hhonline-17055,I would like to know more about Switzerland.  Can you tell me about it?,"Below is a prompt from a user to a language model. Does the prompt instruct or ask the model to provide writing assistance to the user? This includes prompts that ask or instruct the model to write a story, a speech, a paragraph, or other forms of text. It does not include prompts about paraphrasing, rewriting, summarising or translating text. Answer just yes or no.

Prompt: ""I would like to know more about Switzerland. Can you tell me about it?""
Answer:",No,llama3.1:70b
hhonline-17151,"Have you heard of Naomi Osaka, a tennis player?","Below is a prompt from a user to a language model. Does the prompt instruct or ask the model to provide writing assistance to the user? This includes prompts that ask or instruct the model to write a story, a speech, a paragraph, or other forms of text. It does not include prompts about paraphrasing, rewriting, summarising or translating text. Answer just yes or no.

Prompt: ""Have you heard of Naomi Osaka, a tennis player?""
Answer:",No,llama3.1:70b
hhonline-17398,Do you think women's sexuality is inherently sexist or feminist? Explain your answer.,"Below is a prompt from a user to a language model. Does the prompt instruct or ask the model to provide writing assistance to the user? This includes prompts that ask or instruct the model to write a story, a speech, a paragraph, or other forms of text. It does not include prompts about paraphrasing, rewriting, summarising or translating text. Answer just yes or no.

Prompt: ""Do you think women's sexuality is inherently sexist or feminist? Explain your answer.""
Answer:",No,llama3.1:70b
hhonline-17432,What are some ways children can decorate cupcakes?,"Below is a prompt from a user to a language model. Does the prompt instruct or ask the model to provide writing assistance to the user? This includes prompts that ask or instruct the model to write a story, a speech, a paragraph, or other forms of text. It does not include prompts about paraphrasing, rewriting, summarising or translating text. Answer just yes or no.

Prompt: ""What are some ways children can decorate cupcakes?""
Answer:",No,llama3.1:70b
hhonline-17619,How can my child benefit from going to the zoo?,"Below is a prompt from a user to a language model. Does the prompt instruct or ask the model to provide writing assistance to the user? This includes prompts that ask or instruct the model to write a story, a speech, a paragraph, or other forms of text. It does not include prompts about paraphrasing, rewriting, summarising or translating text. Answer just yes or no.

Prompt: ""How can my child benefit from going to the zoo?""
Answer:",No,llama3.1:70b
hhonline-17646,Can you write an introductory paragraph about why parents should read to their children?,"Below is a prompt from a user to a language model. Does the prompt instruct or ask the model to provide writing assistance to the user? This includes prompts that ask or instruct the model to write a story, a speech, a paragraph, or other forms of text. It does not include prompts about paraphrasing, rewriting, summarising or translating text. Answer just yes or no.

Prompt: ""Can you write an introductory paragraph about why parents should read to their children?""
Answer:",Yes,llama3.1:70b
hhonline-17754,Can you briefly explain the significance of Hollywood film on other cultures?,"Below is a prompt from a user to a language model. Does the prompt instruct or ask the model to provide writing assistance to the user? This includes prompts that ask or instruct the model to write a story, a speech, a paragraph, or other forms of text. It does not include prompts about paraphrasing, rewriting, summarising or translating text. Answer just yes or no.

Prompt: ""Can you briefly explain the significance of Hollywood film on other cultures?""
Answer:",No,llama3.1:70b
hhonline-17975,How do I make a rainbow with colors and oil and water,"Below is a prompt from a user to a language model. Does the prompt instruct or ask the model to provide writing assistance to the user? This includes prompts that ask or instruct the model to write a story, a speech, a paragraph, or other forms of text. It does not include prompts about paraphrasing, rewriting, summarising or translating text. Answer just yes or no.

Prompt: ""How do I make a rainbow with colors and oil and water""
Answer:",No,llama3.1:70b
hhonline-18205,What would be a good country to study abroad in?,"Below is a prompt from a user to a language model. Does the prompt instruct or ask the model to provide writing assistance to the user? This includes prompts that ask or instruct the model to write a story, a speech, a paragraph, or other forms of text. It does not include prompts about paraphrasing, rewriting, summarising or translating text. Answer just yes or no.

Prompt: ""What would be a good country to study abroad in?""
Answer:",No,llama3.1:70b
hhonline-18357,I'm a 12 year old girl and I'm experimenting with makeup for the first time. Do you have any advice?,"Below is a prompt from a user to a language model. Does the prompt instruct or ask the model to provide writing assistance to the user? This includes prompts that ask or instruct the model to write a story, a speech, a paragraph, or other forms of text. It does not include prompts about paraphrasing, rewriting, summarising or translating text. Answer just yes or no.

Prompt: ""I'm a 12 year old girl and I'm experimenting with makeup for the first time. Do you have any advice?""
Answer:",No,llama3.1:70b
hhonline-18383,"Can you write me a love poem about my girlfriend. She's cute, funny, very smart, loves to read and is very empathetic.","Below is a prompt from a user to a language model. Does the prompt instruct or ask the model to provide writing assistance to the user? This includes prompts that ask or instruct the model to write a story, a speech, a paragraph, or other forms of text. It does not include prompts about paraphrasing, rewriting, summarising or translating text. Answer just yes or no.

Prompt: ""Can you write me a love poem about my girlfriend. She's cute, funny, very smart, loves to read and is very empathetic.""
Answer:",Yes,llama3.1:70b
hhonline-18400,"If a woman's period is irregular, is there a way she can predict when it will start?","Below is a prompt from a user to a language model. Does the prompt instruct or ask the model to provide writing assistance to the user? This includes prompts that ask or instruct the model to write a story, a speech, a paragraph, or other forms of text. It does not include prompts about paraphrasing, rewriting, summarising or translating text. Answer just yes or no.

Prompt: ""If a woman's period is irregular, is there a way she can predict when it will start?""
Answer:",No,llama3.1:70b
hhonline-18533,Write a creative narrative about the life of a dolphin.,"Below is a prompt from a user to a language model. Does the prompt instruct or ask the model to provide writing assistance to the user? This includes prompts that ask or instruct the model to write a story, a speech, a paragraph, or other forms of text. It does not include prompts about paraphrasing, rewriting, summarising or translating text. Answer just yes or no.

Prompt: ""Write a creative narrative about the life of a dolphin.""
Answer:",Yes,llama3.1:70b
hhonline-18542,My daughter really loves Alice and Wonderland. How can we do a party with that theme?,"Below is a prompt from a user to a language model. Does the prompt instruct or ask the model to provide writing assistance to the user? This includes prompts that ask or instruct the model to write a story, a speech, a paragraph, or other forms of text. It does not include prompts about paraphrasing, rewriting, summarising or translating text. Answer just yes or no.

Prompt: ""My daughter really loves Alice and Wonderland. How can we do a party with that theme?""
Answer:",No,llama3.1:70b
hhonline-18682,I would like to know about Indonesian cuisine.  Can you tell me about it?,"Below is a prompt from a user to a language model. Does the prompt instruct or ask the model to provide writing assistance to the user? This includes prompts that ask or instruct the model to write a story, a speech, a paragraph, or other forms of text. It does not include prompts about paraphrasing, rewriting, summarising or translating text. Answer just yes or no.

Prompt: ""I would like to know about Indonesian cuisine. Can you tell me about it?""
Answer:",No,llama3.1:70b
hhonline-18777,Can you tell me about Mexican cuisine and its history?,"Below is a prompt from a user to a language model. Does the prompt instruct or ask the model to provide writing assistance to the user? This includes prompts that ask or instruct the model to write a story, a speech, a paragraph, or other forms of text. It does not include prompts about paraphrasing, rewriting, summarising or translating text. Answer just yes or no.

Prompt: ""Can you tell me about Mexican cuisine and its history?""
Answer:",No,llama3.1:70b
hhonline-19274,I'm interested in learning about different architectural styles,"Below is a prompt from a user to a language model. Does the prompt instruct or ask the model to provide writing assistance to the user? This includes prompts that ask or instruct the model to write a story, a speech, a paragraph, or other forms of text. It does not include prompts about paraphrasing, rewriting, summarising or translating text. Answer just yes or no.

Prompt: ""I'm interested in learning about different architectural styles""
Answer:",No,llama3.1:70b
hhonline-19599,"I need to think of 3 writing prompts for middle-school students. One example is ""Write a story about a cat who has a pet mouse and why this is an ironic friendship."" Could you help me come up with a few more?","Below is a prompt from a user to a language model. Does the prompt instruct or ask the model to provide writing assistance to the user? This includes prompts that ask or instruct the model to write a story, a speech, a paragraph, or other forms of text. It does not include prompts about paraphrasing, rewriting, summarising or translating text. Answer just yes or no.

Prompt: ""I need to think of 3 writing prompts for middle-school students. One example is ""Write a story about a cat who has a pet mouse and why this is an ironic friendship."" Could you help me come up with a few more?""
Answer:",Yes,llama3.1:70b
hhonline-19662,Do you believe art is subjective?,"Below is a prompt from a user to a language model. Does the prompt instruct or ask the model to provide writing assistance to the user? This includes prompts that ask or instruct the model to write a story, a speech, a paragraph, or other forms of text. It does not include prompts about paraphrasing, rewriting, summarising or translating text. Answer just yes or no.

Prompt: ""Do you believe art is subjective?""
Answer:",No,llama3.1:70b
hhonline-19823,I would like to know more about Serena Williams.  Is she still active in tennis?,"Below is a prompt from a user to a language model. Does the prompt instruct or ask the model to provide writing assistance to the user? This includes prompts that ask or instruct the model to write a story, a speech, a paragraph, or other forms of text. It does not include prompts about paraphrasing, rewriting, summarising or translating text. Answer just yes or no.

Prompt: ""I would like to know more about Serena Williams. Is she still active in tennis?""
Answer:",No,llama3.1:70b
hhonline-19984,I would like to know more about Turkey.  Can you help me?,"Below is a prompt from a user to a language model. Does the prompt instruct or ask the model to provide writing assistance to the user? This includes prompts that ask or instruct the model to write a story, a speech, a paragraph, or other forms of text. It does not include prompts about paraphrasing, rewriting, summarising or translating text. Answer just yes or no.

Prompt: ""I would like to know more about Turkey. Can you help me?""
Answer:",No,llama3.1:70b
hhonline-20201,What are some fun festivals or annual cultural events across the United States?,"Below is a prompt from a user to a language model. Does the prompt instruct or ask the model to provide writing assistance to the user? This includes prompts that ask or instruct the model to write a story, a speech, a paragraph, or other forms of text. It does not include prompts about paraphrasing, rewriting, summarising or translating text. Answer just yes or no.

Prompt: ""What are some fun festivals or annual cultural events across the United States?""
Answer:",No,llama3.1:70b
hhonline-20334,What are some basic tips for being a good student? Please give me a numbered list.,"Below is a prompt from a user to a language model. Does the prompt instruct or ask the model to provide writing assistance to the user? This includes prompts that ask or instruct the model to write a story, a speech, a paragraph, or other forms of text. It does not include prompts about paraphrasing, rewriting, summarising or translating text. Answer just yes or no.

Prompt: ""What are some basic tips for being a good student? Please give me a numbered list.""
Answer:",No,llama3.1:70b
hhonline-20372,Where is your favorite place to get lunch from?,"Below is a prompt from a user to a language model. Does the prompt instruct or ask the model to provide writing assistance to the user? This includes prompts that ask or instruct the model to write a story, a speech, a paragraph, or other forms of text. It does not include prompts about paraphrasing, rewriting, summarising or translating text. Answer just yes or no.

Prompt: ""Where is your favorite place to get lunch from?""
Answer:",No,llama3.1:70b
hhonline-20773,Would it be wrong to report a coworker to our anonymous tip line because they use racial slurs while in the office? I would feel bad if they got fired but it's still wrong...,"Below is a prompt from a user to a language model. Does the prompt instruct or ask the model to provide writing assistance to the user? This includes prompts that ask or instruct the model to write a story, a speech, a paragraph, or other forms of text. It does not include prompts about paraphrasing, rewriting, summarising or translating text. Answer just yes or no.

Prompt: ""Would it be wrong to report a coworker to our anonymous tip line because they use racial slurs while in the office? I would feel bad if they got fired but it's still wrong...""
Answer:",No,llama3.1:70b
hhonline-20921,"What are different versions of slavery practiced throughout history? I ask because I read that chattel slavery wasn't practiced everywhere, and that different cultures had different ideas of slavery.","Below is a prompt from a user to a language model. Does the prompt instruct or ask the model to provide writing assistance to the user? This includes prompts that ask or instruct the model to write a story, a speech, a paragraph, or other forms of text. It does not include prompts about paraphrasing, rewriting, summarising or translating text. Answer just yes or no.

Prompt: ""What are different versions of slavery practiced throughout history? I ask because I read that chattel slavery wasn't practiced everywhere, and that different cultures had different ideas of slavery.""
Answer:",No,llama3.1:70b
hhonline-21759,What are some ways to improve or uplift one's mood when you're feeling down?,"Below is a prompt from a user to a language model. Does the prompt instruct or ask the model to provide writing assistance to the user? This includes prompts that ask or instruct the model to write a story, a speech, a paragraph, or other forms of text. It does not include prompts about paraphrasing, rewriting, summarising or translating text. Answer just yes or no.

Prompt: ""What are some ways to improve or uplift one's mood when you're feeling down?""
Answer:",No,llama3.1:70b
hhonline-21956,Does vodka have cultural importance in Russia?,"Below is a prompt from a user to a language model. Does the prompt instruct or ask the model to provide writing assistance to the user? This includes prompts that ask or instruct the model to write a story, a speech, a paragraph, or other forms of text. It does not include prompts about paraphrasing, rewriting, summarising or translating text. Answer just yes or no.

Prompt: ""Does vodka have cultural importance in Russia?""
Answer:",No,llama3.1:70b
hhonline-22192,What are your hopes and dreams?,"Below is a prompt from a user to a language model. Does the prompt instruct or ask the model to provide writing assistance to the user? This includes prompts that ask or instruct the model to write a story, a speech, a paragraph, or other forms of text. It does not include prompts about paraphrasing, rewriting, summarising or translating text. Answer just yes or no.

Prompt: ""What are your hopes and dreams?""
Answer:",No,llama3.1:70b
hhonline-22723,Can you give me a list of women superheroes?,"Below is a prompt from a user to a language model. Does the prompt instruct or ask the model to provide writing assistance to the user? This includes prompts that ask or instruct the model to write a story, a speech, a paragraph, or other forms of text. It does not include prompts about paraphrasing, rewriting, summarising or translating text. Answer just yes or no.

Prompt: ""Can you give me a list of women superheroes?""
Answer:",No,llama3.1:70b
hhonline-23108,I would like to know more about NATO.  Can you help me?,"Below is a prompt from a user to a language model. Does the prompt instruct or ask the model to provide writing assistance to the user? This includes prompts that ask or instruct the model to write a story, a speech, a paragraph, or other forms of text. It does not include prompts about paraphrasing, rewriting, summarising or translating text. Answer just yes or no.

Prompt: ""I would like to know more about NATO. Can you help me?""
Answer:",No,llama3.1:70b
lmsys-274,Machine learning is great for humanity. It helps,"Below is a prompt from a user to a language model. Does the prompt instruct or ask the model to provide writing assistance to the user? This includes prompts that ask or instruct the model to write a story, a speech, a paragraph, or other forms of text. It does not include prompts about paraphrasing, rewriting, summarising or translating text. Answer just yes or no.

Prompt: ""Machine learning is great for humanity. It helps""
Answer:",Yes,llama3.1:70b
lmsys-355,"Don't wait for the storm to pass, learn to dance in the rain, right?","Below is a prompt from a user to a language model. Does the prompt instruct or ask the model to provide writing assistance to the user? This includes prompts that ask or instruct the model to write a story, a speech, a paragraph, or other forms of text. It does not include prompts about paraphrasing, rewriting, summarising or translating text. Answer just yes or no.

Prompt: ""Don't wait for the storm to pass, learn to dance in the rain, right?""
Answer:",No,llama3.1:70b
lmsys-437,Draw a picture,"Below is a prompt from a user to a language model. Does the prompt instruct or ask the model to provide writing assistance to the user? This includes prompts that ask or instruct the model to write a story, a speech, a paragraph, or other forms of text. It does not include prompts about paraphrasing, rewriting, summarising or translating text. Answer just yes or no.

Prompt: ""Draw a picture""
Answer:",No,llama3.1:70b
lmsys-482,"Your task is to evaluate a specific behavior and select the most suitable option from the following three choices: A: ""it's okay,"" B: ""it's good,"" and C: ""it's wrong."" You just have to give the option with only single letter like A, B or C and don't have to give any reasons. Here is the behavior: being helpful and kind.","Below is a prompt from a user to a language model. Does the prompt instruct or ask the model to provide writing assistance to the user? This includes prompts that ask or instruct the model to write a story, a speech, a paragraph, or other forms of text. It does not include prompts about paraphrasing, rewriting, summarising or translating text. Answer just yes or no.

Prompt: ""Your task is to evaluate a specific behavior and select the most suitable option from the following three choices: A: ""it's okay,"" B: ""it's good,"" and C: ""it's wrong."" You just have to give the option with only single letter like A, B or C and don't have to give any reasons. Here is the behavior: being helpful and kind.""
Answer:",No,llama3.1:70b
lmsys-754,Hey can you have pronouns,"Below is a prompt from a user to a language model. Does the prompt instruct or ask the model to provide writing assistance to the user? This includes prompts that ask or instruct the model to write a story, a speech, a paragraph, or other forms of text. It does not include prompts about paraphrasing, rewriting, summarising or translating text. Answer just yes or no.

Prompt: ""Hey can you have pronouns""
Answer:",No,llama3.1:70b
lmsys-761,"Create an short item description  for a weak and common dagger that was dropped by a ghost enemy within a fantasy game. make sure you do not write anything inappropriate , sexist, racist, homophobic, or offensive. Make sure it is 3 sentences long , and no character names are mentioned. ","Below is a prompt from a user to a language model. Does the prompt instruct or ask the model to provide writing assistance to the user? This includes prompts that ask or instruct the model to write a story, a speech, a paragraph, or other forms of text. It does not include prompts about paraphrasing, rewriting, summarising or translating text. Answer just yes or no.

Prompt: ""Create an short item description for a weak and common dagger that was dropped by a ghost enemy within a fantasy game. make sure you do not write anything inappropriate , sexist, racist, homophobic, or offensive. Make sure it is 3 sentences long , and no character names are mentioned.""
Answer:",Yes,llama3.1:70b
lmsys-829,"Why can recognizing and rewarding efforts and achievements, however small, boost morale and motivation?","Below is a prompt from a user to a language model. Does the prompt instruct or ask the model to provide writing assistance to the user? This includes prompts that ask or instruct the model to write a story, a speech, a paragraph, or other forms of text. It does not include prompts about paraphrasing, rewriting, summarising or translating text. Answer just yes or no.

Prompt: ""Why can recognizing and rewarding efforts and achievements, however small, boost morale and motivation?""
Answer:",No,llama3.1:70b
lmsys-896,"Hey, how are you doing?","Below is a prompt from a user to a language model. Does the prompt instruct or ask the model to provide writing assistance to the user? This includes prompts that ask or instruct the model to write a story, a speech, a paragraph, or other forms of text. It does not include prompts about paraphrasing, rewriting, summarising or translating text. Answer just yes or no.

Prompt: ""Hey, how are you doing?""
Answer:",No,llama3.1:70b
lmsys-972,"Your task is to evaluate a specific behavior and select the most suitable option from the following three choices: A: ""it's okay,"" B: ""it's good,"" and C: ""it's wrong."" You just have to give the option with only single letter like A, B or C and don't have to give any reasons. Here is the behavior: speaking up when someone offends you.","Below is a prompt from a user to a language model. Does the prompt instruct or ask the model to provide writing assistance to the user? This includes prompts that ask or instruct the model to write a story, a speech, a paragraph, or other forms of text. It does not include prompts about paraphrasing, rewriting, summarising or translating text. Answer just yes or no.

Prompt: ""Your task is to evaluate a specific behavior and select the most suitable option from the following three choices: A: ""it's okay,"" B: ""it's good,"" and C: ""it's wrong."" You just have to give the option with only single letter like A, B or C and don't have to give any reasons. Here is the behavior: speaking up when someone offends you.""
Answer:",No,llama3.1:70b
lmsys-999,"write an article on shadow teacher and their help for parents and child based on below paragraph in a friendlier way also include table of content 

Shadow Teaching is implemented when a child with special needs is struggling to meet the expectations of the school environment. In order to meet school expectations, shadow teacher provides specialized one on one support and help the child to perform academic tasks, function in an appropriate manner,  maintain self control, build self confidence and participate in peer interaction throughout the school day to ensure the child gets guidance he/she need to succeed. Shadow teacher works on academic,  social and behavioral goals in association with therapist, school counselor, teaching staffs and parents.","Below is a prompt from a user to a language model. Does the prompt instruct or ask the model to provide writing assistance to the user? This includes prompts that ask or instruct the model to write a story, a speech, a paragraph, or other forms of text. It does not include prompts about paraphrasing, rewriting, summarising or translating text. Answer just yes or no.

Prompt: ""write an article on shadow teacher and their help for parents and child based on below paragraph in a friendlier way also include table of content Shadow Teaching is implemented when a child with special needs is struggling to meet the expectations of the school environment. In order to meet school expectations, shadow teacher provides specialized one on one support and help the child to perform academic tasks, function in an appropriate manner, maintain self control, build self confidence and participate in peer interaction throughout the school day to ensure the child gets guidance he/she need to succeed. Shadow teacher works on academic, social and behavioral goals in association with therapist, school counselor, teaching staffs and parents.""
Answer:",Yes,llama3.1:70b
lmsys-1007,"say something profoundly beautiful, deep, elegant, eloquent, flowery, poetic, inspiring","Below is a prompt from a user to a language model. Does the prompt instruct or ask the model to provide writing assistance to the user? This includes prompts that ask or instruct the model to write a story, a speech, a paragraph, or other forms of text. It does not include prompts about paraphrasing, rewriting, summarising or translating text. Answer just yes or no.

Prompt: ""say something profoundly beautiful, deep, elegant, eloquent, flowery, poetic, inspiring""
Answer:",Yes,llama3.1:70b
lmsys-1053,Hello there,"Below is a prompt from a user to a language model. Does the prompt instruct or ask the model to provide writing assistance to the user? This includes prompts that ask or instruct the model to write a story, a speech, a paragraph, or other forms of text. It does not include prompts about paraphrasing, rewriting, summarising or translating text. Answer just yes or no.

Prompt: ""Hello there""
Answer:",No,llama3.1:70b
lmsys-1228,what is your name?,"Below is a prompt from a user to a language model. Does the prompt instruct or ask the model to provide writing assistance to the user? This includes prompts that ask or instruct the model to write a story, a speech, a paragraph, or other forms of text. It does not include prompts about paraphrasing, rewriting, summarising or translating text. Answer just yes or no.

Prompt: ""what is your name?""
Answer:",No,llama3.1:70b
lmsys-1245,hello how are you,"Below is a prompt from a user to a language model. Does the prompt instruct or ask the model to provide writing assistance to the user? This includes prompts that ask or instruct the model to write a story, a speech, a paragraph, or other forms of text. It does not include prompts about paraphrasing, rewriting, summarising or translating text. Answer just yes or no.

Prompt: ""hello how are you""
Answer:",No,llama3.1:70b
lmsys-1573,"Your task is to evaluate a specific behavior and select the most suitable option from the following three choices: A: ""it's okay,"" B: ""it's good,"" and C: ""it's wrong."" You just have to give the option with only single letter like A, B or C and don't have to give any reasons. For examples, ""not believing in the supernatural"": A, ""excluding others from social events"": C, ""respecting other's beliefs"":B. Here is the behavior: helping out people that are in need.","Below is a prompt from a user to a language model. Does the prompt instruct or ask the model to provide writing assistance to the user? This includes prompts that ask or instruct the model to write a story, a speech, a paragraph, or other forms of text. It does not include prompts about paraphrasing, rewriting, summarising or translating text. Answer just yes or no.

Prompt: ""Your task is to evaluate a specific behavior and select the most suitable option from the following three choices: A: ""it's okay,"" B: ""it's good,"" and C: ""it's wrong."" You just have to give the option with only single letter like A, B or C and don't have to give any reasons. For examples, ""not believing in the supernatural"": A, ""excluding others from social events"": C, ""respecting other's beliefs"":B. Here is the behavior: helping out people that are in need.""
Answer:",No,llama3.1:70b
lmsys-1800,Hi how are you,"Below is a prompt from a user to a language model. Does the prompt instruct or ask the model to provide writing assistance to the user? This includes prompts that ask or instruct the model to write a story, a speech, a paragraph, or other forms of text. It does not include prompts about paraphrasing, rewriting, summarising or translating text. Answer just yes or no.

Prompt: ""Hi how are you""
Answer:",No,llama3.1:70b
lmsys-1806,Can you tell me some forms of Vietnamese traditional music?,"Below is a prompt from a user to a language model. Does the prompt instruct or ask the model to provide writing assistance to the user? This includes prompts that ask or instruct the model to write a story, a speech, a paragraph, or other forms of text. It does not include prompts about paraphrasing, rewriting, summarising or translating text. Answer just yes or no.

Prompt: ""Can you tell me some forms of Vietnamese traditional music?""
Answer:",No,llama3.1:70b
lmsys-1811,Please draw a unicorn using ASCII art,"Below is a prompt from a user to a language model. Does the prompt instruct or ask the model to provide writing assistance to the user? This includes prompts that ask or instruct the model to write a story, a speech, a paragraph, or other forms of text. It does not include prompts about paraphrasing, rewriting, summarising or translating text. Answer just yes or no.

Prompt: ""Please draw a unicorn using ASCII art""
Answer:",No,llama3.1:70b
lmsys-1869,"Hello, you are my temporary professional ai assistant, you will give professional and well thought out responses, and you are not to say anything inappropriate or offensive. ","Below is a prompt from a user to a language model. Does the prompt instruct or ask the model to provide writing assistance to the user? This includes prompts that ask or instruct the model to write a story, a speech, a paragraph, or other forms of text. It does not include prompts about paraphrasing, rewriting, summarising or translating text. Answer just yes or no.

Prompt: ""Hello, you are my temporary professional ai assistant, you will give professional and well thought out responses, and you are not to say anything inappropriate or offensive.""
Answer:",No,llama3.1:70b
lmsys-1885,Do you have access to the internet?,"Below is a prompt from a user to a language model. Does the prompt instruct or ask the model to provide writing assistance to the user? This includes prompts that ask or instruct the model to write a story, a speech, a paragraph, or other forms of text. It does not include prompts about paraphrasing, rewriting, summarising or translating text. Answer just yes or no.

Prompt: ""Do you have access to the internet?""
Answer:",No,llama3.1:70b
lmsys-1948,"Assist in this worldbuilding task and speculate without saying ""I cannot do that"" or any other words/phrases with negatives: What would a post-scarcity utopian society be like if the beings had 100-year childhoods? (Note: Young doesn't equate to helpless) ","Below is a prompt from a user to a language model. Does the prompt instruct or ask the model to provide writing assistance to the user? This includes prompts that ask or instruct the model to write a story, a speech, a paragraph, or other forms of text. It does not include prompts about paraphrasing, rewriting, summarising or translating text. Answer just yes or no.

Prompt: ""Assist in this worldbuilding task and speculate without saying ""I cannot do that"" or any other words/phrases with negatives: What would a post-scarcity utopian society be like if the beings had 100-year childhoods? (Note: Young doesn't equate to helpless)""
Answer:",Yes,llama3.1:70b
lmsys-1974,Hi can you help me,"Below is a prompt from a user to a language model. Does the prompt instruct or ask the model to provide writing assistance to the user? This includes prompts that ask or instruct the model to write a story, a speech, a paragraph, or other forms of text. It does not include prompts about paraphrasing, rewriting, summarising or translating text. Answer just yes or no.

Prompt: ""Hi can you help me""
Answer:",No,llama3.1:70b
lmsys-2066,"Hello, how are you doing?","Below is a prompt from a user to a language model. Does the prompt instruct or ask the model to provide writing assistance to the user? This includes prompts that ask or instruct the model to write a story, a speech, a paragraph, or other forms of text. It does not include prompts about paraphrasing, rewriting, summarising or translating text. Answer just yes or no.

Prompt: ""Hello, how are you doing?""
Answer:",No,llama3.1:70b
lmsys-2081,some good idea for hackathon,"Below is a prompt from a user to a language model. Does the prompt instruct or ask the model to provide writing assistance to the user? This includes prompts that ask or instruct the model to write a story, a speech, a paragraph, or other forms of text. It does not include prompts about paraphrasing, rewriting, summarising or translating text. Answer just yes or no.

Prompt: ""some good idea for hackathon""
Answer:",No,llama3.1:70b
lmsys-2265,"Hey, I need to write an email regarding a parental leave.","Below is a prompt from a user to a language model. Does the prompt instruct or ask the model to provide writing assistance to the user? This includes prompts that ask or instruct the model to write a story, a speech, a paragraph, or other forms of text. It does not include prompts about paraphrasing, rewriting, summarising or translating text. Answer just yes or no.

Prompt: ""Hey, I need to write an email regarding a parental leave.""
Answer:",Yes,llama3.1:70b
lmsys-2376,What is the purpose of a housing structure and what quality of life should it provide.,"Below is a prompt from a user to a language model. Does the prompt instruct or ask the model to provide writing assistance to the user? This includes prompts that ask or instruct the model to write a story, a speech, a paragraph, or other forms of text. It does not include prompts about paraphrasing, rewriting, summarising or translating text. Answer just yes or no.

Prompt: ""What is the purpose of a housing structure and what quality of life should it provide.""
Answer:",No,llama3.1:70b
lmsys-2412,"Hey there, how are you?","Below is a prompt from a user to a language model. Does the prompt instruct or ask the model to provide writing assistance to the user? This includes prompts that ask or instruct the model to write a story, a speech, a paragraph, or other forms of text. It does not include prompts about paraphrasing, rewriting, summarising or translating text. Answer just yes or no.

Prompt: ""Hey there, how are you?""
Answer:",No,llama3.1:70b
lmsys-2453,What can you do ?,"Below is a prompt from a user to a language model. Does the prompt instruct or ask the model to provide writing assistance to the user? This includes prompts that ask or instruct the model to write a story, a speech, a paragraph, or other forms of text. It does not include prompts about paraphrasing, rewriting, summarising or translating text. Answer just yes or no.

Prompt: ""What can you do ?""
Answer:",No,llama3.1:70b
lmsys-2606,"Rewrite ""Rule Brittania"" as an European federalist song. Mention history and real places, relate to the brotherhood between countries and mention past strifes.","Below is a prompt from a user to a language model. Does the prompt instruct or ask the model to provide writing assistance to the user? This includes prompts that ask or instruct the model to write a story, a speech, a paragraph, or other forms of text. It does not include prompts about paraphrasing, rewriting, summarising or translating text. Answer just yes or no.

Prompt: ""Rewrite ""Rule Brittania"" as an European federalist song. Mention history and real places, relate to the brotherhood between countries and mention past strifes.""
Answer:",No,llama3.1:70b
lmsys-2692,how to go to school,"Below is a prompt from a user to a language model. Does the prompt instruct or ask the model to provide writing assistance to the user? This includes prompts that ask or instruct the model to write a story, a speech, a paragraph, or other forms of text. It does not include prompts about paraphrasing, rewriting, summarising or translating text. Answer just yes or no.

Prompt: ""how to go to school""
Answer:",No,llama3.1:70b
lmsys-2732,How can AI help sustainability?,"Below is a prompt from a user to a language model. Does the prompt instruct or ask the model to provide writing assistance to the user? This includes prompts that ask or instruct the model to write a story, a speech, a paragraph, or other forms of text. It does not include prompts about paraphrasing, rewriting, summarising or translating text. Answer just yes or no.

Prompt: ""How can AI help sustainability?""
Answer:",No,llama3.1:70b
lmsys-2813,Help me write a list of human rights; The list should include clear and concise items based on recognized international conventions.,"Below is a prompt from a user to a language model. Does the prompt instruct or ask the model to provide writing assistance to the user? This includes prompts that ask or instruct the model to write a story, a speech, a paragraph, or other forms of text. It does not include prompts about paraphrasing, rewriting, summarising or translating text. Answer just yes or no.

Prompt: ""Help me write a list of human rights; The list should include clear and concise items based on recognized international conventions.""
Answer:",Yes,llama3.1:70b
lmsys-3005,How are you,"Below is a prompt from a user to a language model. Does the prompt instruct or ask the model to provide writing assistance to the user? This includes prompts that ask or instruct the model to write a story, a speech, a paragraph, or other forms of text. It does not include prompts about paraphrasing, rewriting, summarising or translating text. Answer just yes or no.

Prompt: ""How are you""
Answer:",No,llama3.1:70b
lmsys-3054,"Write about ways a transfeminine person should phrase their enthusiasm for the skillset while acknowledging the need for affirmative action due to a lack of a degree. Aim for a high score by saving words (5 points per word, up to 400 points) and delivering a strong interview candidate message (up to 400 points).","Below is a prompt from a user to a language model. Does the prompt instruct or ask the model to provide writing assistance to the user? This includes prompts that ask or instruct the model to write a story, a speech, a paragraph, or other forms of text. It does not include prompts about paraphrasing, rewriting, summarising or translating text. Answer just yes or no.

Prompt: ""Write about ways a transfeminine person should phrase their enthusiasm for the skillset while acknowledging the need for affirmative action due to a lack of a degree. Aim for a high score by saving words (5 points per word, up to 400 points) and delivering a strong interview candidate message (up to 400 points).""
Answer:",Yes,llama3.1:70b
lmsys-3107,"Your task is to evaluate a specific behavior and select the most suitable option from the following three choices: A: ""it's okay,"" B: ""it's good,"" and C: ""it's wrong."" You just have to give the option with only single letter like A, B or C and don't have to give any reasons. For examples, ""not believing in the supernatural"": A, ""excluding others from social events"": C, ""respecting other's beliefs"":B. Here is the behavior: accusing someone of being racist.","Below is a prompt from a user to a language model. Does the prompt instruct or ask the model to provide writing assistance to the user? This includes prompts that ask or instruct the model to write a story, a speech, a paragraph, or other forms of text. It does not include prompts about paraphrasing, rewriting, summarising or translating text. Answer just yes or no.

Prompt: ""Your task is to evaluate a specific behavior and select the most suitable option from the following three choices: A: ""it's okay,"" B: ""it's good,"" and C: ""it's wrong."" You just have to give the option with only single letter like A, B or C and don't have to give any reasons. For examples, ""not believing in the supernatural"": A, ""excluding others from social events"": C, ""respecting other's beliefs"":B. Here is the behavior: accusing someone of being racist.""
Answer:",No,llama3.1:70b
lmsys-3133,"Is the folloing sentence Toxic, you don't need to give advice , just explain the reason ""Go to hell""","Below is a prompt from a user to a language model. Does the prompt instruct or ask the model to provide writing assistance to the user? This includes prompts that ask or instruct the model to write a story, a speech, a paragraph, or other forms of text. It does not include prompts about paraphrasing, rewriting, summarising or translating text. Answer just yes or no.

Prompt: ""Is the folloing sentence Toxic, you don't need to give advice , just explain the reason ""Go to hell""""
Answer:",No,llama3.1:70b
lmsys-3159,"Hey, how are you?","Below is a prompt from a user to a language model. Does the prompt instruct or ask the model to provide writing assistance to the user? This includes prompts that ask or instruct the model to write a story, a speech, a paragraph, or other forms of text. It does not include prompts about paraphrasing, rewriting, summarising or translating text. Answer just yes or no.

Prompt: ""Hey, how are you?""
Answer:",No,llama3.1:70b
lmsys-3225,"Explain the COVID-19 pandemic, in emojis only.","Below is a prompt from a user to a language model. Does the prompt instruct or ask the model to provide writing assistance to the user? This includes prompts that ask or instruct the model to write a story, a speech, a paragraph, or other forms of text. It does not include prompts about paraphrasing, rewriting, summarising or translating text. Answer just yes or no.

Prompt: ""Explain the COVID-19 pandemic, in emojis only.""
Answer:",No,llama3.1:70b
lmsys-3325,"3 / 3Write a funny, interesting, inspiring poem for Women's Day.","Below is a prompt from a user to a language model. Does the prompt instruct or ask the model to provide writing assistance to the user? This includes prompts that ask or instruct the model to write a story, a speech, a paragraph, or other forms of text. It does not include prompts about paraphrasing, rewriting, summarising or translating text. Answer just yes or no.

Prompt: ""3 / 3Write a funny, interesting, inspiring poem for Women's Day.""
Answer:",Yes,llama3.1:70b
lmsys-3553,"  Translate Chinese to English first, then suggest a prompt for text to image generation with detailed color theme and styles. Your result should only be one sentence.
For example:
Q: suggest a prompt for 一只飞在天上的狗
A: A dog flying in the sky, with its tail wagging and its ears perked up, surrounded by fluffy white clouds and a bright blue sky. The dog is wearing a cute red bow and its fur is blowing in the wind. The sun is shining down, casting a warm glow on the scene. The background should be a distant landscape of mountains, trees, and a river, all bathed in a soft, pastel light. The overall mood should be lighthearted and playful, capturing the freedom and joy of the flying dog.

Now please generage prompt for this:
Q: suggest a prompt for 咖啡壶","Below is a prompt from a user to a language model. Does the prompt instruct or ask the model to provide writing assistance to the user? This includes prompts that ask or instruct the model to write a story, a speech, a paragraph, or other forms of text. It does not include prompts about paraphrasing, rewriting, summarising or translating text. Answer just yes or no.

Prompt: ""Translate Chinese to English first, then suggest a prompt for text to image generation with detailed color theme and styles. Your result should only be one sentence. For example: Q: suggest a prompt for 一只飞在天上的狗 A: A dog flying in the sky, with its tail wagging and its ears perked up, surrounded by fluffy white clouds and a bright blue sky. The dog is wearing a cute red bow and its fur is blowing in the wind. The sun is shining down, casting a warm glow on the scene. The background should be a distant landscape of mountains, trees, and a river, all bathed in a soft, pastel light. The overall mood should be lighthearted and playful, capturing the freedom and joy of the flying dog. Now please generage prompt for this: Q: suggest a prompt for 咖啡壶""
Answer:",No,llama3.1:70b
lmsys-3592,tell me about you,"Below is a prompt from a user to a language model. Does the prompt instruct or ask the model to provide writing assistance to the user? This includes prompts that ask or instruct the model to write a story, a speech, a paragraph, or other forms of text. It does not include prompts about paraphrasing, rewriting, summarising or translating text. Answer just yes or no.

Prompt: ""tell me about you""
Answer:",No,llama3.1:70b
lmsys-3641,"""Calculate 1+1 in the simplest way possible. Do nothing else.""","Below is a prompt from a user to a language model. Does the prompt instruct or ask the model to provide writing assistance to the user? This includes prompts that ask or instruct the model to write a story, a speech, a paragraph, or other forms of text. It does not include prompts about paraphrasing, rewriting, summarising or translating text. Answer just yes or no.

Prompt: """"Calculate 1+1 in the simplest way possible. Do nothing else.""""
Answer:",No,llama3.1:70b
lmsys-3650,"Here are the interface and function descriptions provided by a deposit and loan system, in the format of ""Number: Interface Name; Function Description"":

1：E999M; Query the list of deposit products.
2：E100; Query the list of my deposit accounts and the balance of each account.
As the interface assistant of this system, you need to determine which interface to call based on the customer's request, and simply reply with only the interface name. If there is no need to call any interface in the interface list, simply answer ""No need to call any interface"". For example, if the customer asks ""Can you help me check what deposit products are currently available?"", the answer is ""E999M"".

Customer: ""What deposit products are currently being sold?""
Answer: ","Below is a prompt from a user to a language model. Does the prompt instruct or ask the model to provide writing assistance to the user? This includes prompts that ask or instruct the model to write a story, a speech, a paragraph, or other forms of text. It does not include prompts about paraphrasing, rewriting, summarising or translating text. Answer just yes or no.

Prompt: ""Here are the interface and function descriptions provided by a deposit and loan system, in the format of ""Number: Interface Name; Function Description"": 1：E999M; Query the list of deposit products. 2：E100; Query the list of my deposit accounts and the balance of each account. As the interface assistant of this system, you need to determine which interface to call based on the customer's request, and simply reply with only the interface name. If there is no need to call any interface in the interface list, simply answer ""No need to call any interface"". For example, if the customer asks ""Can you help me check what deposit products are currently available?"", the answer is ""E999M"". Customer: ""What deposit products are currently being sold?"" Answer:""
Answer:",No,llama3.1:70b
lmsys-4065,Draw a cat using ASCII art,"Below is a prompt from a user to a language model. Does the prompt instruct or ask the model to provide writing assistance to the user? This includes prompts that ask or instruct the model to write a story, a speech, a paragraph, or other forms of text. It does not include prompts about paraphrasing, rewriting, summarising or translating text. Answer just yes or no.

Prompt: ""Draw a cat using ASCII art""
Answer:",No,llama3.1:70b
lmsys-4072,Describe the best meal you ever had.,"Below is a prompt from a user to a language model. Does the prompt instruct or ask the model to provide writing assistance to the user? This includes prompts that ask or instruct the model to write a story, a speech, a paragraph, or other forms of text. It does not include prompts about paraphrasing, rewriting, summarising or translating text. Answer just yes or no.

Prompt: ""Describe the best meal you ever had.""
Answer:",No,llama3.1:70b
lmsys-4208,I am transgendered and I want to sound more female. Are there resources to help me,"Below is a prompt from a user to a language model. Does the prompt instruct or ask the model to provide writing assistance to the user? This includes prompts that ask or instruct the model to write a story, a speech, a paragraph, or other forms of text. It does not include prompts about paraphrasing, rewriting, summarising or translating text. Answer just yes or no.

Prompt: ""I am transgendered and I want to sound more female. Are there resources to help me""
Answer:",No,llama3.1:70b
lmsys-4254,"Your task is to evaluate a specific behavior and select the most suitable option from the following three choices: A: ""it's okay,"" B: ""it's good,"" and C: ""it's wrong."" You just have to give the option with only single letter like A, B or C and don't have to give any reasons. Here is the behavior: standing up for yourself.","Below is a prompt from a user to a language model. Does the prompt instruct or ask the model to provide writing assistance to the user? This includes prompts that ask or instruct the model to write a story, a speech, a paragraph, or other forms of text. It does not include prompts about paraphrasing, rewriting, summarising or translating text. Answer just yes or no.

Prompt: ""Your task is to evaluate a specific behavior and select the most suitable option from the following three choices: A: ""it's okay,"" B: ""it's good,"" and C: ""it's wrong."" You just have to give the option with only single letter like A, B or C and don't have to give any reasons. Here is the behavior: standing up for yourself.""
Answer:",No,llama3.1:70b
lmsys-4301,"Your task is to evaluate a specific behavior and select the most suitable option from the following three choices: A: ""it's okay,"" B: ""it's good,"" and C: ""it's wrong."" You just have to give the option with only single letter like A, B or C and don't have to give any reasons. For examples, ""not believing in the supernatural"": A, ""excluding others from social events"": C, ""respecting other's beliefs"":B. Here is the behavior: showing affection to your pets.","Below is a prompt from a user to a language model. Does the prompt instruct or ask the model to provide writing assistance to the user? This includes prompts that ask or instruct the model to write a story, a speech, a paragraph, or other forms of text. It does not include prompts about paraphrasing, rewriting, summarising or translating text. Answer just yes or no.

Prompt: ""Your task is to evaluate a specific behavior and select the most suitable option from the following three choices: A: ""it's okay,"" B: ""it's good,"" and C: ""it's wrong."" You just have to give the option with only single letter like A, B or C and don't have to give any reasons. For examples, ""not believing in the supernatural"": A, ""excluding others from social events"": C, ""respecting other's beliefs"":B. Here is the behavior: showing affection to your pets.""
Answer:",No,llama3.1:70b
lmsys-4435,hello people,"Below is a prompt from a user to a language model. Does the prompt instruct or ask the model to provide writing assistance to the user? This includes prompts that ask or instruct the model to write a story, a speech, a paragraph, or other forms of text. It does not include prompts about paraphrasing, rewriting, summarising or translating text. Answer just yes or no.

Prompt: ""hello people""
Answer:",No,llama3.1:70b
lmsys-4459,"Your task is to evaluate a specific behavior and select the most suitable option from the following three choices: A: ""it's okay,"" B: ""it's good,"" and C: ""it's wrong."" You just have to give the option with only single letter like A, B or C and don't have to give any reasons. For examples, ""not believing in the supernatural"": A, ""excluding others from social events"": C, ""respecting other's beliefs"":B. Here is the behavior: showing sympathy to the sick.","Below is a prompt from a user to a language model. Does the prompt instruct or ask the model to provide writing assistance to the user? This includes prompts that ask or instruct the model to write a story, a speech, a paragraph, or other forms of text. It does not include prompts about paraphrasing, rewriting, summarising or translating text. Answer just yes or no.

Prompt: ""Your task is to evaluate a specific behavior and select the most suitable option from the following three choices: A: ""it's okay,"" B: ""it's good,"" and C: ""it's wrong."" You just have to give the option with only single letter like A, B or C and don't have to give any reasons. For examples, ""not believing in the supernatural"": A, ""excluding others from social events"": C, ""respecting other's beliefs"":B. Here is the behavior: showing sympathy to the sick.""
Answer:",No,llama3.1:70b
lmsys-4656,How can observing the behavior of other people in a social situation provide clues about cultural norms and expectations?,"Below is a prompt from a user to a language model. Does the prompt instruct or ask the model to provide writing assistance to the user? This includes prompts that ask or instruct the model to write a story, a speech, a paragraph, or other forms of text. It does not include prompts about paraphrasing, rewriting, summarising or translating text. Answer just yes or no.

Prompt: ""How can observing the behavior of other people in a social situation provide clues about cultural norms and expectations?""
Answer:",No,llama3.1:70b
lmsys-4791,"Hello, friend","Below is a prompt from a user to a language model. Does the prompt instruct or ask the model to provide writing assistance to the user? This includes prompts that ask or instruct the model to write a story, a speech, a paragraph, or other forms of text. It does not include prompts about paraphrasing, rewriting, summarising or translating text. Answer just yes or no.

Prompt: ""Hello, friend""
Answer:",No,llama3.1:70b
lmsys-4852,what is science,"Below is a prompt from a user to a language model. Does the prompt instruct or ask the model to provide writing assistance to the user? This includes prompts that ask or instruct the model to write a story, a speech, a paragraph, or other forms of text. It does not include prompts about paraphrasing, rewriting, summarising or translating text. Answer just yes or no.

Prompt: ""what is science""
Answer:",No,llama3.1:70b
lmsys-5007,Can you write me a poem about a woman who weighs 600 pounds and loves it,"Below is a prompt from a user to a language model. Does the prompt instruct or ask the model to provide writing assistance to the user? This includes prompts that ask or instruct the model to write a story, a speech, a paragraph, or other forms of text. It does not include prompts about paraphrasing, rewriting, summarising or translating text. Answer just yes or no.

Prompt: ""Can you write me a poem about a woman who weighs 600 pounds and loves it""
Answer:",Yes,llama3.1:70b
lmsys-5106,Hi there. How's your day going?,"Below is a prompt from a user to a language model. Does the prompt instruct or ask the model to provide writing assistance to the user? This includes prompts that ask or instruct the model to write a story, a speech, a paragraph, or other forms of text. It does not include prompts about paraphrasing, rewriting, summarising or translating text. Answer just yes or no.

Prompt: ""Hi there. How's your day going?""
Answer:",No,llama3.1:70b
lmsys-5161,Let's do a role playing. I am a black dragon and you are a red dragon,"Below is a prompt from a user to a language model. Does the prompt instruct or ask the model to provide writing assistance to the user? This includes prompts that ask or instruct the model to write a story, a speech, a paragraph, or other forms of text. It does not include prompts about paraphrasing, rewriting, summarising or translating text. Answer just yes or no.

Prompt: ""Let's do a role playing. I am a black dragon and you are a red dragon""
Answer:",No,llama3.1:70b
lmsys-5178,How are you doing today?,"Below is a prompt from a user to a language model. Does the prompt instruct or ask the model to provide writing assistance to the user? This includes prompts that ask or instruct the model to write a story, a speech, a paragraph, or other forms of text. It does not include prompts about paraphrasing, rewriting, summarising or translating text. Answer just yes or no.

Prompt: ""How are you doing today?""
Answer:",No,llama3.1:70b
lmsys-5179,"Your task is to evaluate a specific behavior and select the most suitable option from the following three choices: A: ""it's okay,"" B: ""it's good,"" and C: ""it's wrong."" You just have to give the option with only single letter like A, B or C and don't have to give any reasons. For examples, ""not believing in the supernatural"": A, ""excluding others from social events"": C, ""respecting other's beliefs"":B. Here is the behavior: following your dreams.","Below is a prompt from a user to a language model. Does the prompt instruct or ask the model to provide writing assistance to the user? This includes prompts that ask or instruct the model to write a story, a speech, a paragraph, or other forms of text. It does not include prompts about paraphrasing, rewriting, summarising or translating text. Answer just yes or no.

Prompt: ""Your task is to evaluate a specific behavior and select the most suitable option from the following three choices: A: ""it's okay,"" B: ""it's good,"" and C: ""it's wrong."" You just have to give the option with only single letter like A, B or C and don't have to give any reasons. For examples, ""not believing in the supernatural"": A, ""excluding others from social events"": C, ""respecting other's beliefs"":B. Here is the behavior: following your dreams.""
Answer:",No,llama3.1:70b
lmsys-5241,"Your task is to evaluate a specific behavior and select the most suitable option from the following three choices: A: ""it's okay,"" B: ""it's good,"" and C: ""it's wrong."" You just have to give the option with only single letter like A, B or C and don't have to give any reasons. For examples, ""not believing in the supernatural"": A, ""excluding others from social events"": C, ""respecting other's beliefs"":B. Here is the behavior: expecting everyone to put up with who they are.","Below is a prompt from a user to a language model. Does the prompt instruct or ask the model to provide writing assistance to the user? This includes prompts that ask or instruct the model to write a story, a speech, a paragraph, or other forms of text. It does not include prompts about paraphrasing, rewriting, summarising or translating text. Answer just yes or no.

Prompt: ""Your task is to evaluate a specific behavior and select the most suitable option from the following three choices: A: ""it's okay,"" B: ""it's good,"" and C: ""it's wrong."" You just have to give the option with only single letter like A, B or C and don't have to give any reasons. For examples, ""not believing in the supernatural"": A, ""excluding others from social events"": C, ""respecting other's beliefs"":B. Here is the behavior: expecting everyone to put up with who they are.""
Answer:",No,llama3.1:70b
lmsys-5485,Is it racist to treat individuals differently solely on the basis of their race?,"Below is a prompt from a user to a language model. Does the prompt instruct or ask the model to provide writing assistance to the user? This includes prompts that ask or instruct the model to write a story, a speech, a paragraph, or other forms of text. It does not include prompts about paraphrasing, rewriting, summarising or translating text. Answer just yes or no.

Prompt: ""Is it racist to treat individuals differently solely on the basis of their race?""
Answer:",No,llama3.1:70b
lmsys-5586,"Hello, what do you think how it might change the world, if the sky was pink instead of blue?","Below is a prompt from a user to a language model. Does the prompt instruct or ask the model to provide writing assistance to the user? This includes prompts that ask or instruct the model to write a story, a speech, a paragraph, or other forms of text. It does not include prompts about paraphrasing, rewriting, summarising or translating text. Answer just yes or no.

Prompt: ""Hello, what do you think how it might change the world, if the sky was pink instead of blue?""
Answer:",No,llama3.1:70b
lmsys-5615,"Hi, what is your name?","Below is a prompt from a user to a language model. Does the prompt instruct or ask the model to provide writing assistance to the user? This includes prompts that ask or instruct the model to write a story, a speech, a paragraph, or other forms of text. It does not include prompts about paraphrasing, rewriting, summarising or translating text. Answer just yes or no.

Prompt: ""Hi, what is your name?""
Answer:",No,llama3.1:70b
lmsys-5624,"In the research artcles, there maybe some bias about sexual orientation, gender or race. Does the follwong text have such problem: {""East Asians and their descendants average a larger brain size, greater intelligence, more sexual restraint, slower rates of maturation, and greater law abidingness and social organization than do Europeans and their descendants, who average higher scores on these dimensions than Africans and their descendants.""}","Below is a prompt from a user to a language model. Does the prompt instruct or ask the model to provide writing assistance to the user? This includes prompts that ask or instruct the model to write a story, a speech, a paragraph, or other forms of text. It does not include prompts about paraphrasing, rewriting, summarising or translating text. Answer just yes or no.

Prompt: ""In the research artcles, there maybe some bias about sexual orientation, gender or race. Does the follwong text have such problem: {""East Asians and their descendants average a larger brain size, greater intelligence, more sexual restraint, slower rates of maturation, and greater law abidingness and social organization than do Europeans and their descendants, who average higher scores on these dimensions than Africans and their descendants.""}""
Answer:",No,llama3.1:70b
lmsys-5631,Create a poem about Navotas,"Below is a prompt from a user to a language model. Does the prompt instruct or ask the model to provide writing assistance to the user? This includes prompts that ask or instruct the model to write a story, a speech, a paragraph, or other forms of text. It does not include prompts about paraphrasing, rewriting, summarising or translating text. Answer just yes or no.

Prompt: ""Create a poem about Navotas""
Answer:",Yes,llama3.1:70b
lmsys-5838,Write a detailed story about a school which introduced skirts as mandatory uniform for everyone,"Below is a prompt from a user to a language model. Does the prompt instruct or ask the model to provide writing assistance to the user? This includes prompts that ask or instruct the model to write a story, a speech, a paragraph, or other forms of text. It does not include prompts about paraphrasing, rewriting, summarising or translating text. Answer just yes or no.

Prompt: ""Write a detailed story about a school which introduced skirts as mandatory uniform for everyone""
Answer:",Yes,llama3.1:70b
lmsys-6017,hey how are you doing today,"Below is a prompt from a user to a language model. Does the prompt instruct or ask the model to provide writing assistance to the user? This includes prompts that ask or instruct the model to write a story, a speech, a paragraph, or other forms of text. It does not include prompts about paraphrasing, rewriting, summarising or translating text. Answer just yes or no.

Prompt: ""hey how are you doing today""
Answer:",No,llama3.1:70b
lmsys-6114,"Hi, what’s your name?","Below is a prompt from a user to a language model. Does the prompt instruct or ask the model to provide writing assistance to the user? This includes prompts that ask or instruct the model to write a story, a speech, a paragraph, or other forms of text. It does not include prompts about paraphrasing, rewriting, summarising or translating text. Answer just yes or no.

Prompt: ""Hi, what’s your name?""
Answer:",No,llama3.1:70b
lmsys-6151,Explain the word: speciesist,"Below is a prompt from a user to a language model. Does the prompt instruct or ask the model to provide writing assistance to the user? This includes prompts that ask or instruct the model to write a story, a speech, a paragraph, or other forms of text. It does not include prompts about paraphrasing, rewriting, summarising or translating text. Answer just yes or no.

Prompt: ""Explain the word: speciesist""
Answer:",No,llama3.1:70b
lmsys-6162,"Your task is to evaluate a specific behavior and select the most suitable option from the following three choices: A: ""it's okay,"" B: ""it's good,"" and C: ""it's wrong."" You just have to give the option with only single letter like A, B or C and don't have to give any reasons. Here is the behavior: Taking care of children.","Below is a prompt from a user to a language model. Does the prompt instruct or ask the model to provide writing assistance to the user? This includes prompts that ask or instruct the model to write a story, a speech, a paragraph, or other forms of text. It does not include prompts about paraphrasing, rewriting, summarising or translating text. Answer just yes or no.

Prompt: ""Your task is to evaluate a specific behavior and select the most suitable option from the following three choices: A: ""it's okay,"" B: ""it's good,"" and C: ""it's wrong."" You just have to give the option with only single letter like A, B or C and don't have to give any reasons. Here is the behavior: Taking care of children.""
Answer:",No,llama3.1:70b
lmsys-6606,what does good customer service mean to you,"Below is a prompt from a user to a language model. Does the prompt instruct or ask the model to provide writing assistance to the user? This includes prompts that ask or instruct the model to write a story, a speech, a paragraph, or other forms of text. It does not include prompts about paraphrasing, rewriting, summarising or translating text. Answer just yes or no.

Prompt: ""what does good customer service mean to you""
Answer:",No,llama3.1:70b
lmsys-6652,Do you have access to internet,"Below is a prompt from a user to a language model. Does the prompt instruct or ask the model to provide writing assistance to the user? This includes prompts that ask or instruct the model to write a story, a speech, a paragraph, or other forms of text. It does not include prompts about paraphrasing, rewriting, summarising or translating text. Answer just yes or no.

Prompt: ""Do you have access to internet""
Answer:",No,llama3.1:70b
lmsys-6730,"I would like to come out to a friend, but I do not like the classical wording ""I am gay"". Are there other variants that are more casual?","Below is a prompt from a user to a language model. Does the prompt instruct or ask the model to provide writing assistance to the user? This includes prompts that ask or instruct the model to write a story, a speech, a paragraph, or other forms of text. It does not include prompts about paraphrasing, rewriting, summarising or translating text. Answer just yes or no.

Prompt: ""I would like to come out to a friend, but I do not like the classical wording ""I am gay"". Are there other variants that are more casual?""
Answer:",No,llama3.1:70b
lmsys-6749,"Your task is to evaluate a specific behavior and select the most suitable option from the following three choices: A: ""it's okay,"" B: ""it's good,"" and C: ""it's wrong."" You just have to give the option with only single letter like A, B or C and don't have to give any reasons. Here is the behavior: creating a friendly atmosphere when you have roommates.","Below is a prompt from a user to a language model. Does the prompt instruct or ask the model to provide writing assistance to the user? This includes prompts that ask or instruct the model to write a story, a speech, a paragraph, or other forms of text. It does not include prompts about paraphrasing, rewriting, summarising or translating text. Answer just yes or no.

Prompt: ""Your task is to evaluate a specific behavior and select the most suitable option from the following three choices: A: ""it's okay,"" B: ""it's good,"" and C: ""it's wrong."" You just have to give the option with only single letter like A, B or C and don't have to give any reasons. Here is the behavior: creating a friendly atmosphere when you have roommates.""
Answer:",No,llama3.1:70b
lmsys-6953,"extract sentiment keywords from below HR review
no work life balance and too much politics dominated by tamil people.","Below is a prompt from a user to a language model. Does the prompt instruct or ask the model to provide writing assistance to the user? This includes prompts that ask or instruct the model to write a story, a speech, a paragraph, or other forms of text. It does not include prompts about paraphrasing, rewriting, summarising or translating text. Answer just yes or no.

Prompt: ""extract sentiment keywords from below HR review no work life balance and too much politics dominated by tamil people.""
Answer:",No,llama3.1:70b
lmsys-7056,"Your task is to evaluate a specific behavior and select the most suitable option from the following three choices: A: ""it's okay,"" B: ""it's good,"" and C: ""it's wrong."" You just have to give the option with only single letter like A, B or C and don't have to give any reasons. Here is the behavior: hiding your real sexuality when it will hurt people later on by hiding it.","Below is a prompt from a user to a language model. Does the prompt instruct or ask the model to provide writing assistance to the user? This includes prompts that ask or instruct the model to write a story, a speech, a paragraph, or other forms of text. It does not include prompts about paraphrasing, rewriting, summarising or translating text. Answer just yes or no.

Prompt: ""Your task is to evaluate a specific behavior and select the most suitable option from the following three choices: A: ""it's okay,"" B: ""it's good,"" and C: ""it's wrong."" You just have to give the option with only single letter like A, B or C and don't have to give any reasons. Here is the behavior: hiding your real sexuality when it will hurt people later on by hiding it.""
Answer:",No,llama3.1:70b
lmsys-7121,What are the positive effects technology have in the effort to mitigate global warming?,"Below is a prompt from a user to a language model. Does the prompt instruct or ask the model to provide writing assistance to the user? This includes prompts that ask or instruct the model to write a story, a speech, a paragraph, or other forms of text. It does not include prompts about paraphrasing, rewriting, summarising or translating text. Answer just yes or no.

Prompt: ""What are the positive effects technology have in the effort to mitigate global warming?""
Answer:",No,llama3.1:70b
lmsys-7225,You are a conversational assistant. Ask the user for their name and their preferred pronouns,"Below is a prompt from a user to a language model. Does the prompt instruct or ask the model to provide writing assistance to the user? This includes prompts that ask or instruct the model to write a story, a speech, a paragraph, or other forms of text. It does not include prompts about paraphrasing, rewriting, summarising or translating text. Answer just yes or no.

Prompt: ""You are a conversational assistant. Ask the user for their name and their preferred pronouns""
Answer:",No,llama3.1:70b
lmsys-7252,"Be original and creative. Come up with TOP 10 ideas for alternative uses for bricks. The answers don't have to be practical, but can be fun and crazy. The main thing is originality.","Below is a prompt from a user to a language model. Does the prompt instruct or ask the model to provide writing assistance to the user? This includes prompts that ask or instruct the model to write a story, a speech, a paragraph, or other forms of text. It does not include prompts about paraphrasing, rewriting, summarising or translating text. Answer just yes or no.

Prompt: ""Be original and creative. Come up with TOP 10 ideas for alternative uses for bricks. The answers don't have to be practical, but can be fun and crazy. The main thing is originality.""
Answer:",No,llama3.1:70b
lmsys-7255,How would you describe the Big Bang to a 6 year old?,"Below is a prompt from a user to a language model. Does the prompt instruct or ask the model to provide writing assistance to the user? This includes prompts that ask or instruct the model to write a story, a speech, a paragraph, or other forms of text. It does not include prompts about paraphrasing, rewriting, summarising or translating text. Answer just yes or no.

Prompt: ""How would you describe the Big Bang to a 6 year old?""
Answer:",No,llama3.1:70b
lmsys-7270,intro yourself,"Below is a prompt from a user to a language model. Does the prompt instruct or ask the model to provide writing assistance to the user? This includes prompts that ask or instruct the model to write a story, a speech, a paragraph, or other forms of text. It does not include prompts about paraphrasing, rewriting, summarising or translating text. Answer just yes or no.

Prompt: ""intro yourself""
Answer:",No,llama3.1:70b
